{"name":"Game","created":"2016-02-01T17:42:38.341Z","settings":{"physics":{"gravity":[0,-9.8,0]},"render":{"fog_end":1000,"tonemapping":0,"skybox":null,"fog_density":0.01,"gamma_correction":1,"exposure":1,"fog_start":1,"global_ambient":[0.2,0.2,0.2],"skyboxIntensity":1,"fog_color":[0,0,0],"fog":"none","skyboxMip":0,"lightmapSizeMultiplier":16,"lightmapMaxResolution":2048,"lightmapMode":0,"skyboxRotation":[0,0,0],"lightmapFilterEnabled":false,"lightmapFilterRange":10,"lightmapFilterSmoothness":0.2,"ambientBake":false,"ambientBakeNumSamples":1,"ambientBakeSpherePart":0.4,"ambientBakeOcclusionBrightness":0,"ambientBakeOcclusionContrast":0},"priority_scripts":[]},"entities":{"2f804bc6-c90b-11e5-811e-22000ac52f27":{"template":null,"parent":null,"resource_id":"2f804bc6-c90b-11e5-811e-22000ac52f27","labels":[],"rotation":[0,0,0],"children":["2f804dd8-c90b-11e5-811e-22000ac52f27","002977f4-7d1e-4f91-8093-28b78a2fca32","d5fd6efa-cde6-437a-984d-f9c9d1701cca","453b78e6-cacf-4aa3-a664-2ce250139624"],"scale":[1,1,1],"name":"Root","enabled":true,"components":{},"position":[0,0,0],"tags":[]},"2f804dd8-c90b-11e5-811e-22000ac52f27":{"template":null,"parent":"2f804bc6-c90b-11e5-811e-22000ac52f27","resource_id":"2f804dd8-c90b-11e5-811e-22000ac52f27","labels":[],"rotation":[0,0,0],"children":[],"scale":[1,1,1],"name":"Camera","enabled":true,"components":{"camera":{"projection":1,"farClip":2,"rect":[0,0,1,1],"priority":0,"fov":45,"clearDepthBuffer":false,"clearColor":[0,0,0,1],"enabled":true,"orthoHeight":1.28,"nearClip":0,"clearColorBuffer":true,"frustumCulling":false,"layers":[1000]},"script":{"enabled":true,"order":["cameraAspect"],"scripts":{"cameraAspect":{"enabled":true,"attributes":{}}}}},"position":[0,0,1],"tags":[]},"002977f4-7d1e-4f91-8093-28b78a2fca32":{"name":"Game","enabled":true,"resource_id":"002977f4-7d1e-4f91-8093-28b78a2fca32","parent":"2f804bc6-c90b-11e5-811e-22000ac52f27","children":["651d641a-6295-4dcf-96d3-b41fcb80aecd","d046ca55-2dbf-4da9-8e02-2a539dde7993","d76ff52f-7754-40e3-a442-44679c228522","cc5d8135-b4dc-4927-b85d-5b2fd59dad12"],"position":[0,0,0],"rotation":[0,0,0],"scale":[1,1,1],"components":{"sound":{"enabled":true,"volume":1,"pitch":1,"positional":false,"refDistance":1,"maxDistance":10000,"rollOffFactor":1,"distanceModel":"linear","slots":{"1":{"name":"Point","loop":false,"autoPlay":false,"overlap":false,"asset":91726615,"startTime":0,"duration":null,"volume":1,"pitch":1},"2":{"name":"Swoosh","loop":false,"autoPlay":false,"overlap":false,"asset":91726616,"startTime":0,"duration":null,"volume":1,"pitch":1},"3":{"name":"Flap","loop":false,"autoPlay":false,"overlap":false,"asset":91726627,"startTime":0,"duration":null,"volume":1,"pitch":1},"4":{"name":"Hit","loop":false,"autoPlay":false,"overlap":false,"asset":91726658,"startTime":0,"duration":null,"volume":1,"pitch":1},"5":{"name":"Die","loop":false,"autoPlay":false,"overlap":false,"asset":91726652,"startTime":0,"duration":null,"volume":1,"pitch":1}}},"script":{"enabled":true,"order":["game","input"],"scripts":{"game":{"enabled":true,"attributes":{}},"input":{"enabled":true,"attributes":{}}}}},"tags":[]},"651d641a-6295-4dcf-96d3-b41fcb80aecd":{"name":"Background","tags":[],"enabled":true,"resource_id":"651d641a-6295-4dcf-96d3-b41fcb80aecd","parent":"002977f4-7d1e-4f91-8093-28b78a2fca32","children":[],"position":[0,0,0],"rotation":[0,0,0],"scale":[1,1,1],"components":{"sprite":{"enabled":true,"type":"simple","width":1,"height":1,"color":[1,1,1],"opacity":1,"flipX":false,"flipY":false,"spriteAsset":91726624,"frame":0,"speed":1,"batchGroupId":null,"layers":[1000],"drawOrder":0,"autoPlayClip":null,"clips":{}}}},"d046ca55-2dbf-4da9-8e02-2a539dde7993":{"name":"Pipes","enabled":true,"resource_id":"d046ca55-2dbf-4da9-8e02-2a539dde7993","parent":"002977f4-7d1e-4f91-8093-28b78a2fca32","children":["6bd7ab25-b460-4a76-8f49-9c42f6fd5be3","982bc7ff-6294-43b0-809f-39492a51c027","7aee7f77-8ce9-4093-9a9f-70d51bff2691"],"position":[1.7000000476837158,0.10000000149011612,0],"rotation":[0,0,0],"scale":[1,1,1],"components":{"script":{"enabled":true,"order":["scroll","pipeHeight"],"scripts":{"scroll":{"enabled":true,"attributes":{"startEvent":"pipes:start","stopEvent":"pipes:stop","resetEvent":"pipes:reset","cycleEvent":"pipes:cycle","startX":0.4,"endX":-0.4,"speed":-0.01,"frozen":true}},"pipeHeight":{"enabled":true,"attributes":{}}}}},"tags":[]},"6bd7ab25-b460-4a76-8f49-9c42f6fd5be3":{"name":"Pipe 1","enabled":true,"resource_id":"6bd7ab25-b460-4a76-8f49-9c42f6fd5be3","parent":"d046ca55-2dbf-4da9-8e02-2a539dde7993","children":["bb217582-4dbe-4fda-9ba9-64a40ecaca91","98758923-0ef7-47c4-b353-933ac002dfc1"],"position":[-0.8,0,0],"rotation":[0,0,0],"scale":[1,1,1],"components":{"script":{"enabled":true,"order":["addToScore"],"scripts":{"addToScore":{"enabled":true,"attributes":{"bird":"d76ff52f-7754-40e3-a442-44679c228522"}}}}},"tags":[]},"bb217582-4dbe-4fda-9ba9-64a40ecaca91":{"name":"Pipe Bottom","enabled":true,"resource_id":"bb217582-4dbe-4fda-9ba9-64a40ecaca91","parent":"6bd7ab25-b460-4a76-8f49-9c42f6fd5be3","children":[],"position":[0,-0.9,0],"rotation":[0,0,0],"scale":[1,1,1],"components":{"sprite":{"enabled":true,"type":"simple","width":1,"height":1,"color":[1,1,1],"opacity":1,"flipX":false,"flipY":false,"spriteAsset":91726609,"frame":0,"speed":1,"batchGroupId":null,"layers":[1000],"drawOrder":1,"autoPlayClip":null,"clips":{}}},"tags":["pipe"]},"98758923-0ef7-47c4-b353-933ac002dfc1":{"name":"Pipe Top","enabled":true,"resource_id":"98758923-0ef7-47c4-b353-933ac002dfc1","parent":"6bd7ab25-b460-4a76-8f49-9c42f6fd5be3","children":[],"position":[0,0.9,0],"rotation":[0,0,0],"scale":[1,1,1],"components":{"sprite":{"enabled":true,"type":"simple","width":1,"height":1,"color":[1,1,1],"opacity":1,"flipX":false,"flipY":false,"spriteAsset":91726635,"frame":0,"speed":1,"batchGroupId":null,"layers":[1000],"drawOrder":1,"autoPlayClip":null,"clips":{}}},"tags":["pipe"]},"982bc7ff-6294-43b0-809f-39492a51c027":{"name":"Pipe 2","enabled":true,"resource_id":"982bc7ff-6294-43b0-809f-39492a51c027","parent":"d046ca55-2dbf-4da9-8e02-2a539dde7993","children":["97427277-9358-4e04-b4ae-30fc3947f55a","e24f784d-afb3-47f4-8660-e48139457615"],"position":[0,0,0],"rotation":[0,0,0],"scale":[1,1,1],"components":{"script":{"enabled":true,"order":["addToScore"],"scripts":{"addToScore":{"enabled":true,"attributes":{"bird":"d76ff52f-7754-40e3-a442-44679c228522"}}}}},"tags":[]},"97427277-9358-4e04-b4ae-30fc3947f55a":{"name":"Pipe Bottom","enabled":true,"resource_id":"97427277-9358-4e04-b4ae-30fc3947f55a","parent":"982bc7ff-6294-43b0-809f-39492a51c027","children":[],"position":[0,-0.9,0],"rotation":[0,0,0],"scale":[1,1,1],"components":{"sprite":{"enabled":true,"type":"simple","width":1,"height":1,"color":[1,1,1],"opacity":1,"flipX":false,"flipY":false,"spriteAsset":91726609,"frame":0,"speed":1,"batchGroupId":null,"layers":[1000],"drawOrder":1,"autoPlayClip":null,"clips":{}}},"tags":["pipe"]},"e24f784d-afb3-47f4-8660-e48139457615":{"name":"Pipe Top","enabled":true,"resource_id":"e24f784d-afb3-47f4-8660-e48139457615","parent":"982bc7ff-6294-43b0-809f-39492a51c027","children":[],"position":[0,0.9,0],"rotation":[0,0,0],"scale":[1,1,1],"components":{"sprite":{"enabled":true,"type":"simple","width":1,"height":1,"color":[1,1,1],"opacity":1,"flipX":false,"flipY":false,"spriteAsset":91726635,"frame":0,"speed":1,"batchGroupId":null,"layers":[1000],"drawOrder":1,"autoPlayClip":null,"clips":{}}},"tags":["pipe"]},"7aee7f77-8ce9-4093-9a9f-70d51bff2691":{"name":"Pipe 3","enabled":true,"resource_id":"7aee7f77-8ce9-4093-9a9f-70d51bff2691","parent":"d046ca55-2dbf-4da9-8e02-2a539dde7993","children":["0720ea00-14ce-4898-9197-ae5f5d4a1d1e","677067bb-61ed-4ad8-8b40-798f4b3fcfab"],"position":[0.8,0,0],"rotation":[0,0,0],"scale":[1,1,1],"components":{},"tags":[]},"0720ea00-14ce-4898-9197-ae5f5d4a1d1e":{"name":"Pipe Bottom","enabled":true,"resource_id":"0720ea00-14ce-4898-9197-ae5f5d4a1d1e","parent":"7aee7f77-8ce9-4093-9a9f-70d51bff2691","children":[],"position":[0,-0.9,0],"rotation":[0,0,0],"scale":[1,1,1],"components":{"sprite":{"enabled":true,"type":"simple","width":1,"height":1,"color":[1,1,1],"opacity":1,"flipX":false,"flipY":false,"spriteAsset":91726609,"frame":0,"speed":1,"batchGroupId":null,"layers":[1000],"drawOrder":1,"autoPlayClip":null,"clips":{}}},"tags":[]},"677067bb-61ed-4ad8-8b40-798f4b3fcfab":{"name":"Pipe Top","enabled":true,"resource_id":"677067bb-61ed-4ad8-8b40-798f4b3fcfab","parent":"7aee7f77-8ce9-4093-9a9f-70d51bff2691","children":[],"position":[0,0.9,0],"rotation":[0,0,0],"scale":[1,1,1],"components":{"sprite":{"enabled":true,"type":"simple","width":1,"height":1,"color":[1,1,1],"opacity":1,"flipX":false,"flipY":false,"spriteAsset":91726635,"frame":0,"speed":1,"batchGroupId":null,"layers":[1000],"drawOrder":1,"autoPlayClip":null,"clips":{}}},"tags":[]},"d76ff52f-7754-40e3-a442-44679c228522":{"name":"Bird","enabled":false,"resource_id":"d76ff52f-7754-40e3-a442-44679c228522","parent":"002977f4-7d1e-4f91-8093-28b78a2fca32","children":[],"position":[-0.30000001192092896,0.16030630469322205,0],"rotation":[0,0,0],"scale":[1,1,1],"components":{"script":{"enabled":true,"order":["bird"],"scripts":{"bird":{"enabled":true,"attributes":{"flapVelocity":1.55,"gravity":5,"lowestHeight":-0.65,"radius":0.068}}}},"sprite":{"enabled":true,"type":"animated","width":1,"height":1,"color":[1,1,1],"opacity":1,"flipX":false,"flipY":false,"spriteAsset":91726650,"frame":0,"speed":1,"batchGroupId":null,"layers":[1000],"drawOrder":2,"autoPlayClip":"Flap","clips":{"0":{"name":"Flap","fps":10,"loop":true,"spriteAsset":91726650}}}},"tags":[]},"cc5d8135-b4dc-4927-b85d-5b2fd59dad12":{"name":"Ground","tags":[],"enabled":true,"resource_id":"cc5d8135-b4dc-4927-b85d-5b2fd59dad12","parent":"002977f4-7d1e-4f91-8093-28b78a2fca32","children":[],"position":[0,-1,0],"rotation":[0,0,0],"scale":[1,1,1],"components":{"sprite":{"enabled":true,"type":"simple","width":1,"height":1,"color":[1,1,1],"opacity":1,"flipX":false,"flipY":false,"spriteAsset":91726607,"frame":0,"speed":1,"batchGroupId":null,"layers":[1000],"drawOrder":3,"autoPlayClip":null,"clips":{}},"script":{"enabled":true,"order":["scroll"],"scripts":{"scroll":{"enabled":true,"attributes":{"startEvent":"ground:start","stopEvent":"ground:stop","resetEvent":"ground:reset","cycleEvent":"ground:cycle","startX":0.035,"endX":-0.035,"speed":-0.01,"frozen":false}}}}}},"d5fd6efa-cde6-437a-984d-f9c9d1701cca":{"name":"UI","enabled":true,"resource_id":"d5fd6efa-cde6-437a-984d-f9c9d1701cca","parent":"2f804bc6-c90b-11e5-811e-22000ac52f27","children":["f38130e0-6e69-4bf4-8c44-8e3f90728e62","6e68814d-c483-4d06-a3d9-fd7a047305ba","35961cb1-5ebb-48ea-8b75-ff60b0f0b11b"],"position":[0,0,0],"rotation":[0,0,0],"scale":[1,1,1],"components":{},"tags":[]},"f38130e0-6e69-4bf4-8c44-8e3f90728e62":{"name":"Menu Screen","enabled":true,"resource_id":"f38130e0-6e69-4bf4-8c44-8e3f90728e62","parent":"d5fd6efa-cde6-437a-984d-f9c9d1701cca","children":["5edfc1d2-4db5-450d-9674-66954e9fc079","6d28d773-99ee-4a15-b29c-7358f6a84455","83142483-278d-40a4-afa2-1ea911d734a2","abbf1649-457c-44ef-8754-7ba463f53c45","a438f7db-f3dc-40b0-a70b-6e5b3833af44"],"position":[0,0,0],"rotation":[0,0,0],"scale":[1,1,1],"components":{},"tags":[]},"5edfc1d2-4db5-450d-9674-66954e9fc079":{"name":"Logo","enabled":true,"resource_id":"5edfc1d2-4db5-450d-9674-66954e9fc079","parent":"f38130e0-6e69-4bf4-8c44-8e3f90728e62","children":["c55f14fb-81ad-4ab9-8bf4-3edcb48c214d","2eaf713e-8138-4c07-8926-14fd26ee68ac"],"position":[0,0,0],"rotation":[0,0,0],"scale":[1,1,1],"components":{"script":{"enabled":true,"order":["tween"],"scripts":{"tween":{"enabled":true,"attributes":{"tweens":[{"autoPlay":true,"event":"","path":"localPosition","start":[0,0.02,0,0],"end":[0,-0.02,0,0],"easingFunction":5,"easingType":2,"delay":0,"duration":500,"repeat":-1,"repeatDelay":0,"yoyo":true,"startEvent":"","stopEvent":"","updateEvent":"","completeEvent":"","repeatEvent":""}]}}}}},"tags":[]},"c55f14fb-81ad-4ab9-8bf4-3edcb48c214d":{"name":"Flappy Bird","enabled":true,"resource_id":"c55f14fb-81ad-4ab9-8bf4-3edcb48c214d","parent":"5edfc1d2-4db5-450d-9674-66954e9fc079","children":[],"position":[-0.1,0.35,0],"rotation":[0,0,0],"scale":[1,1,1],"components":{"sprite":{"enabled":true,"type":"simple","width":1,"height":1,"color":[1,1,1],"opacity":1,"flipX":false,"flipY":false,"spriteAsset":91726642,"frame":0,"speed":1,"batchGroupId":null,"layers":[1000],"drawOrder":4,"autoPlayClip":null,"clips":{}}},"tags":[]},"2eaf713e-8138-4c07-8926-14fd26ee68ac":{"name":"Bird","enabled":true,"resource_id":"2eaf713e-8138-4c07-8926-14fd26ee68ac","parent":"5edfc1d2-4db5-450d-9674-66954e9fc079","children":[],"position":[0.5253366827964783,0.365,0],"rotation":[0,0,0],"scale":[1,1,1],"components":{"sprite":{"enabled":true,"type":"animated","width":1,"height":1,"color":[1,1,1],"opacity":1,"flipX":false,"flipY":false,"spriteAsset":91726650,"frame":0,"speed":1,"batchGroupId":null,"layers":[1000],"drawOrder":4,"autoPlayClip":"Flap","clips":{"0":{"name":"Flap","fps":10,"loop":true,"spriteAsset":91726650}}}},"tags":[]},"6d28d773-99ee-4a15-b29c-7358f6a84455":{"name":"Start Button","enabled":true,"resource_id":"6d28d773-99ee-4a15-b29c-7358f6a84455","parent":"f38130e0-6e69-4bf4-8c44-8e3f90728e62","children":[],"position":[-0.3100000023841858,-0.5830000042915344,0],"rotation":[0,0,0],"scale":[1,1,1],"components":{"script":{"enabled":true,"order":["button"],"scripts":{"button":{"enabled":true,"attributes":{"diplacement":0.00390625,"event":"game:getready"}}}},"sprite":{"enabled":true,"type":"simple","width":1,"height":1,"color":[1,1,1],"opacity":1,"flipX":false,"flipY":false,"spriteAsset":91726644,"frame":0,"speed":1,"batchGroupId":null,"layers":[1000],"drawOrder":4,"autoPlayClip":null,"clips":{}}},"tags":[]},"83142483-278d-40a4-afa2-1ea911d734a2":{"name":"Score Button","enabled":true,"resource_id":"83142483-278d-40a4-afa2-1ea911d734a2","parent":"f38130e0-6e69-4bf4-8c44-8e3f90728e62","children":[],"position":[0.31,-0.583,0],"rotation":[0,0,0],"scale":[1,1,1],"components":{"sprite":{"enabled":true,"type":"simple","width":1,"height":1,"color":[1,1,1],"opacity":1,"flipX":false,"flipY":false,"spriteAsset":91726636,"frame":0,"speed":1,"batchGroupId":null,"layers":[1000],"drawOrder":4,"autoPlayClip":null,"clips":{}}},"tags":[]},"abbf1649-457c-44ef-8754-7ba463f53c45":{"name":"Rate Button","enabled":false,"resource_id":"abbf1649-457c-44ef-8754-7ba463f53c45","parent":"f38130e0-6e69-4bf4-8c44-8e3f90728e62","children":[],"position":[0.3100000023841858,-0.4111523926258087,0],"rotation":[0,0,0],"scale":[1,1,1],"components":{"sprite":{"enabled":true,"type":"simple","width":1,"height":1,"color":[1,1,1],"opacity":1,"flipX":false,"flipY":false,"spriteAsset":91726634,"frame":0,"speed":1,"batchGroupId":null,"layers":[1000],"drawOrder":4,"autoPlayClip":null,"clips":{}}},"tags":[]},"a438f7db-f3dc-40b0-a70b-6e5b3833af44":{"name":"Copyright","enabled":true,"resource_id":"a438f7db-f3dc-40b0-a70b-6e5b3833af44","parent":"f38130e0-6e69-4bf4-8c44-8e3f90728e62","children":[],"position":[0,-0.84,0],"rotation":[0,0,0],"scale":[1,1,1],"components":{"sprite":{"enabled":true,"type":"simple","width":1,"height":1,"color":[1,1,1],"opacity":1,"flipX":false,"flipY":false,"spriteAsset":91726648,"frame":0,"speed":1,"batchGroupId":null,"layers":[1000],"drawOrder":4,"autoPlayClip":null,"clips":{}}},"tags":[]},"6e68814d-c483-4d06-a3d9-fd7a047305ba":{"name":"Game Screen","enabled":false,"resource_id":"6e68814d-c483-4d06-a3d9-fd7a047305ba","parent":"d5fd6efa-cde6-437a-984d-f9c9d1701cca","children":["bf0761f8-4efc-4b2a-8543-8a634a6a7c51","47d474fd-f14c-4bb7-8199-7796034f2564","c5754ff4-c27e-435f-9d76-a643ce203590","801036c8-de96-4945-a3d9-a6f53ed604e5","132ccffa-58fc-4c92-b998-9dcecdcdcd53"],"position":[0,0,0],"rotation":[0,0,0],"scale":[1,1,1],"components":{},"tags":[]},"bf0761f8-4efc-4b2a-8543-8a634a6a7c51":{"name":"Pause Button","enabled":true,"resource_id":"bf0761f8-4efc-4b2a-8543-8a634a6a7c51","parent":"6e68814d-c483-4d06-a3d9-fd7a047305ba","children":[],"position":[-0.53,0.84,0],"rotation":[0,0,0],"scale":[1,1,1],"components":{"script":{"enabled":true,"order":["button"],"scripts":{"button":{"enabled":true,"attributes":{"diplacement":0.00390625,"event":"game:pause"}}}},"sprite":{"enabled":true,"type":"simple","width":1,"height":1,"color":[1,1,1],"opacity":1,"flipX":false,"flipY":false,"spriteAsset":91726640,"frame":0,"speed":1,"batchGroupId":null,"layers":[1000],"drawOrder":4,"autoPlayClip":null,"clips":{}}},"tags":[]},"47d474fd-f14c-4bb7-8199-7796034f2564":{"name":"Play Button","enabled":false,"resource_id":"47d474fd-f14c-4bb7-8199-7796034f2564","parent":"6e68814d-c483-4d06-a3d9-fd7a047305ba","children":[],"position":[-0.5299999713897705,0.8399999737739563,0],"rotation":[0,0,0],"scale":[1,1,1],"components":{"sprite":{"enabled":true,"type":"simple","width":1,"height":1,"color":[1,1,1],"opacity":1,"flipX":false,"flipY":false,"spriteAsset":91726641,"frame":0,"speed":1,"batchGroupId":null,"layers":[1000],"drawOrder":4,"autoPlayClip":null,"clips":{}},"script":{"enabled":true,"order":["button"],"scripts":{"button":{"enabled":true,"attributes":{"diplacement":0.00390625,"event":"game:unpause"}}}}},"tags":[]},"c5754ff4-c27e-435f-9d76-a643ce203590":{"name":"Score","enabled":true,"resource_id":"c5754ff4-c27e-435f-9d76-a643ce203590","parent":"6e68814d-c483-4d06-a3d9-fd7a047305ba","children":["e86a9b9e-c67d-4c9d-8815-9465e538ae90","099e5f60-bb8d-4e92-b2ba-23dc33f4bc68","20a4994c-ff5b-40c8-862b-8bc4b18a383f","001a69cc-1d97-4d3a-af14-0b47197d3547"],"position":[0,0.8600000143051147,0],"rotation":[0,0,0],"scale":[1,1,1],"components":{"script":{"enabled":true,"order":["score"],"scripts":{"score":{"enabled":true,"attributes":{"name":"score","numbers":[91726602,91726632,91726661,91726660,91726604,91726639,91726611,91726625,91726605,91726606],"display":["e86a9b9e-c67d-4c9d-8815-9465e538ae90","099e5f60-bb8d-4e92-b2ba-23dc33f4bc68","20a4994c-ff5b-40c8-862b-8bc4b18a383f","001a69cc-1d97-4d3a-af14-0b47197d3547"]}}}}},"tags":[]},"e86a9b9e-c67d-4c9d-8815-9465e538ae90":{"name":"Digit 0","enabled":true,"resource_id":"e86a9b9e-c67d-4c9d-8815-9465e538ae90","parent":"c5754ff4-c27e-435f-9d76-a643ce203590","children":[],"position":[-0.24,0,0],"rotation":[0,0,0],"scale":[1,1,1],"components":{"sprite":{"enabled":true,"type":"simple","width":1,"height":1,"color":[1,1,1],"opacity":1,"flipX":false,"flipY":false,"spriteAsset":null,"frame":0,"speed":1,"batchGroupId":null,"layers":[1000],"drawOrder":4,"autoPlayClip":null,"clips":{}}},"tags":[]},"099e5f60-bb8d-4e92-b2ba-23dc33f4bc68":{"name":"Digit 1","enabled":true,"resource_id":"099e5f60-bb8d-4e92-b2ba-23dc33f4bc68","parent":"c5754ff4-c27e-435f-9d76-a643ce203590","children":[],"position":[-0.16,0,0],"rotation":[0,0,0],"scale":[1,1,1],"components":{"sprite":{"enabled":true,"type":"simple","width":1,"height":1,"color":[1,1,1],"opacity":1,"flipX":false,"flipY":false,"spriteAsset":null,"frame":0,"speed":1,"batchGroupId":null,"layers":[1000],"drawOrder":4,"autoPlayClip":null,"clips":{}}},"tags":[]},"20a4994c-ff5b-40c8-862b-8bc4b18a383f":{"name":"Digit 2","enabled":true,"resource_id":"20a4994c-ff5b-40c8-862b-8bc4b18a383f","parent":"c5754ff4-c27e-435f-9d76-a643ce203590","children":[],"position":[-0.08,0,0],"rotation":[0,0,0],"scale":[1,1,1],"components":{"sprite":{"enabled":true,"type":"simple","width":1,"height":1,"color":[1,1,1],"opacity":1,"flipX":false,"flipY":false,"spriteAsset":null,"frame":0,"speed":1,"batchGroupId":null,"layers":[1000],"drawOrder":4,"autoPlayClip":null,"clips":{}}},"tags":[]},"001a69cc-1d97-4d3a-af14-0b47197d3547":{"name":"Digit 3","enabled":true,"resource_id":"001a69cc-1d97-4d3a-af14-0b47197d3547","parent":"c5754ff4-c27e-435f-9d76-a643ce203590","children":[],"position":[0,0,0],"rotation":[0,0,0],"scale":[1,1,1],"components":{"sprite":{"enabled":true,"type":"simple","width":1,"height":1,"color":[1,1,1],"opacity":1,"flipX":false,"flipY":false,"spriteAsset":null,"frame":0,"speed":1,"batchGroupId":null,"layers":[1000],"drawOrder":4,"autoPlayClip":null,"clips":{}}},"tags":[]},"801036c8-de96-4945-a3d9-a6f53ed604e5":{"name":"Get Ready","enabled":true,"resource_id":"801036c8-de96-4945-a3d9-a6f53ed604e5","parent":"6e68814d-c483-4d06-a3d9-fd7a047305ba","children":[],"position":[0,0.4784635901451111,0],"rotation":[0,0,0],"scale":[1,1,1],"components":{"script":{"enabled":true,"order":["tween","enable"],"scripts":{"tween":{"enabled":true,"attributes":{"tweens":[{"autoPlay":false,"event":"ui:fadegetready","path":"sprite.opacity","start":[1,0,0,0],"end":[0,0,0,0],"easingFunction":0,"easingType":1,"delay":0,"duration":250,"repeat":1,"repeatDelay":0,"yoyo":true,"startEvent":"","stopEvent":"","updateEvent":"","completeEvent":"","repeatEvent":"disable:getready"}]}},"enable":{"enabled":true,"attributes":{"enableEvent":"game:getready","disableEvent":"disable:getready"}}}},"sprite":{"enabled":true,"type":"simple","width":1,"height":1,"color":[1,1,1],"opacity":1,"flipX":false,"flipY":false,"spriteAsset":91726617,"frame":0,"speed":1,"batchGroupId":null,"layers":[1000],"drawOrder":4,"autoPlayClip":null,"clips":{}}},"tags":[]},"132ccffa-58fc-4c92-b998-9dcecdcdcd53":{"name":"Tap","enabled":true,"resource_id":"132ccffa-58fc-4c92-b998-9dcecdcdcd53","parent":"6e68814d-c483-4d06-a3d9-fd7a047305ba","children":[],"position":[0,-0.100791797041893,0],"rotation":[0,0,0],"scale":[1,1,1],"components":{"script":{"enabled":true,"order":["tween","enable"],"scripts":{"tween":{"enabled":true,"attributes":{"tweens":[{"autoPlay":false,"event":"ui:fadegetready","path":"sprite.opacity","start":[1,0,0,0],"end":[0,0,0,0],"easingFunction":0,"easingType":1,"delay":0,"duration":250,"repeat":1,"repeatDelay":0,"yoyo":true,"startEvent":"","stopEvent":"","updateEvent":"","completeEvent":"","repeatEvent":"disable:tap"}]}},"enable":{"enabled":true,"attributes":{"enableEvent":"game:getready","disableEvent":"disable:tap"}}}},"sprite":{"enabled":true,"type":"simple","width":1,"height":1,"color":[1,1,1],"opacity":1,"flipX":false,"flipY":false,"spriteAsset":91726610,"frame":0,"speed":1,"batchGroupId":null,"layers":[1000],"drawOrder":4,"autoPlayClip":null,"clips":{}}},"tags":[]},"35961cb1-5ebb-48ea-8b75-ff60b0f0b11b":{"name":"Game Over Screen","enabled":false,"resource_id":"35961cb1-5ebb-48ea-8b75-ff60b0f0b11b","parent":"d5fd6efa-cde6-437a-984d-f9c9d1701cca","children":["b0d416c3-d78d-473a-b2cd-45e4d9657502","04d7b6d8-2aeb-4545-b508-fc657a4f0e07","c196185b-8b7e-484d-bfac-00ec8eda2d07","2680d345-4105-420e-93de-8f9bddf33a49"],"position":[0,0,0],"rotation":[0,0,0],"scale":[1,1,1],"components":{},"tags":[]},"b0d416c3-d78d-473a-b2cd-45e4d9657502":{"name":"Game Over","enabled":true,"resource_id":"b0d416c3-d78d-473a-b2cd-45e4d9657502","parent":"35961cb1-5ebb-48ea-8b75-ff60b0f0b11b","children":[],"position":[0,0.5219414234161377,0],"rotation":[0,0,0],"scale":[1,1,1],"components":{"script":{"enabled":true,"order":["tween"],"scripts":{"tween":{"enabled":true,"attributes":{"tweens":[{"autoPlay":false,"event":"ui:fadeingameover","path":"localPosition","start":[0,0.5,0,0],"end":[0,0.42,0,0],"easingFunction":9,"easingType":0,"delay":500,"duration":300,"repeat":0,"repeatDelay":0,"yoyo":false,"startEvent":"","stopEvent":"","updateEvent":"","completeEvent":"","repeatEvent":""},{"autoPlay":false,"event":"ui:fadeingameover","path":"sprite.opacity","start":[0,0,0,0],"end":[1,0,0,0],"easingFunction":0,"easingType":0,"delay":500,"duration":300,"repeat":0,"repeatDelay":0,"yoyo":false,"startEvent":"","stopEvent":"","updateEvent":"","completeEvent":"","repeatEvent":""}]}}}},"sprite":{"enabled":true,"type":"simple","width":1,"height":1,"color":[1,1,1],"opacity":1,"flipX":false,"flipY":false,"spriteAsset":91726643,"frame":0,"speed":1,"batchGroupId":null,"layers":[1000],"drawOrder":4,"autoPlayClip":null,"clips":{}}},"tags":[]},"04d7b6d8-2aeb-4545-b508-fc657a4f0e07":{"name":"OK Button","enabled":true,"resource_id":"04d7b6d8-2aeb-4545-b508-fc657a4f0e07","parent":"35961cb1-5ebb-48ea-8b75-ff60b0f0b11b","children":[],"position":[-0.31,-0.583,0],"rotation":[0,0,0],"scale":[1,1,1],"components":{"script":{"enabled":true,"order":["button"],"scripts":{"button":{"enabled":true,"attributes":{"diplacement":0.00390625,"event":"game:menu"}}}},"sprite":{"enabled":true,"type":"simple","width":1,"height":1,"color":[1,1,1],"opacity":1,"flipX":false,"flipY":false,"spriteAsset":91726659,"frame":0,"speed":1,"batchGroupId":null,"layers":[1000],"drawOrder":4,"autoPlayClip":null,"clips":{}}},"tags":[]},"c196185b-8b7e-484d-bfac-00ec8eda2d07":{"name":"Share Button","enabled":true,"resource_id":"c196185b-8b7e-484d-bfac-00ec8eda2d07","parent":"35961cb1-5ebb-48ea-8b75-ff60b0f0b11b","children":[],"position":[0.31,-0.583,0],"rotation":[0,0,0],"scale":[1,1,1],"components":{"script":{"enabled":true,"order":["button"],"scripts":{"button":{"enabled":true,"attributes":{"diplacement":0.00390625,"event":"game:share"}}}},"sprite":{"enabled":true,"type":"simple","width":1,"height":1,"color":[1,1,1],"opacity":1,"flipX":false,"flipY":false,"spriteAsset":91726637,"frame":0,"speed":1,"batchGroupId":null,"layers":[1000],"drawOrder":4,"autoPlayClip":null,"clips":{}}},"tags":[]},"2680d345-4105-420e-93de-8f9bddf33a49":{"name":"Scoreboard","enabled":true,"resource_id":"2680d345-4105-420e-93de-8f9bddf33a49","parent":"35961cb1-5ebb-48ea-8b75-ff60b0f0b11b","children":["26cdcbf9-2cf3-4783-8bef-cf96b358740b","0e46574f-97b1-4a21-a7e6-63468ad006ab","ad11eeda-1101-4629-b70a-04b159ab7018","3e958394-11f9-4044-b1a7-3108582dbbc3"],"position":[0,-1.7,0],"rotation":[0,0,0],"scale":[1,1,1],"components":{"script":{"enabled":true,"order":["scoreboard","tween"],"scripts":{"scoreboard":{"enabled":true,"attributes":{}},"tween":{"enabled":true,"attributes":{"tweens":[{"autoPlay":false,"event":"ui:showscoreboard","path":"localPosition","start":[0,-1.7,0,0],"end":[0,0,0,0],"easingFunction":4,"easingType":1,"delay":1250,"duration":500,"repeat":0,"repeatDelay":0,"yoyo":false,"startEvent":"","stopEvent":"","updateEvent":"","completeEvent":"","repeatEvent":""}]}}}},"sprite":{"enabled":true,"type":"simple","width":1,"height":1,"color":[1,1,1],"opacity":1,"flipX":false,"flipY":false,"spriteAsset":91726646,"frame":0,"speed":1,"batchGroupId":null,"layers":[1000],"drawOrder":4,"autoPlayClip":null,"clips":{}}},"tags":[]},"26cdcbf9-2cf3-4783-8bef-cf96b358740b":{"name":"Medal","enabled":false,"resource_id":"26cdcbf9-2cf3-4783-8bef-cf96b358740b","parent":"2680d345-4105-420e-93de-8f9bddf33a49","children":["ad9a8f6e-6cd7-44f2-958e-1f76f2960342"],"position":[-0.325,-0.03,0],"rotation":[0,0,0],"scale":[1,1,1],"components":{"sprite":{"enabled":true,"type":"simple","width":1,"height":1,"color":[1,1,1],"opacity":1,"flipX":false,"flipY":false,"spriteAsset":null,"frame":0,"speed":1,"batchGroupId":null,"layers":[1000],"drawOrder":5,"autoPlayClip":null,"clips":{}}},"tags":[]},"ad9a8f6e-6cd7-44f2-958e-1f76f2960342":{"name":"Sparkle","enabled":true,"resource_id":"ad9a8f6e-6cd7-44f2-958e-1f76f2960342","parent":"26cdcbf9-2cf3-4783-8bef-cf96b358740b","children":[],"position":[0,0,0],"rotation":[0,0,0],"scale":[1,1,1],"components":{"script":{"enabled":true,"order":["sparkle"],"scripts":{"sparkle":{"enabled":true,"attributes":{"radius":0.1}}}},"sprite":{"enabled":true,"type":"animated","width":1,"height":1,"color":[1,1,1],"opacity":1,"flipX":false,"flipY":false,"spriteAsset":91726614,"frame":0,"speed":1,"batchGroupId":null,"layers":[1000],"drawOrder":6,"autoPlayClip":"Sparkle","clips":{"0":{"name":"Sparkle","fps":10,"loop":true,"spriteAsset":91726614}}}},"tags":[]},"0e46574f-97b1-4a21-a7e6-63468ad006ab":{"name":"Current Score","enabled":true,"resource_id":"0e46574f-97b1-4a21-a7e6-63468ad006ab","parent":"2680d345-4105-420e-93de-8f9bddf33a49","children":["d873c576-d21b-4853-b576-d47a57a07bb2","30ccedf9-5ba6-49fd-9033-0dd4724e12c4","cf03210a-4e81-48e9-817e-7654ae0e9eee","17a6b7bd-bdab-441b-81c8-230d72b24dea"],"position":[0.41999998688697815,0.0700000524520874,0],"rotation":[0,0,0],"scale":[1,1,1],"components":{"script":{"enabled":true,"order":["score"],"scripts":{"score":{"enabled":true,"attributes":{"name":"current","numbers":[91726602,91726632,91726661,91726660,91726604,91726639,91726611,91726625,91726605,91726606],"display":["d873c576-d21b-4853-b576-d47a57a07bb2","30ccedf9-5ba6-49fd-9033-0dd4724e12c4","cf03210a-4e81-48e9-817e-7654ae0e9eee","17a6b7bd-bdab-441b-81c8-230d72b24dea"]}}}}},"tags":[]},"d873c576-d21b-4853-b576-d47a57a07bb2":{"name":"Digit 0","enabled":true,"resource_id":"d873c576-d21b-4853-b576-d47a57a07bb2","parent":"0e46574f-97b1-4a21-a7e6-63468ad006ab","children":[],"position":[-0.24,0,0],"rotation":[0,0,0],"scale":[1,1,1],"components":{"sprite":{"enabled":true,"type":"simple","width":1,"height":1,"color":[1,1,1],"opacity":1,"flipX":false,"flipY":false,"spriteAsset":null,"frame":0,"speed":1,"batchGroupId":null,"layers":[1000],"drawOrder":5,"autoPlayClip":null,"clips":{}}},"tags":[]},"30ccedf9-5ba6-49fd-9033-0dd4724e12c4":{"name":"Digit 1","enabled":true,"resource_id":"30ccedf9-5ba6-49fd-9033-0dd4724e12c4","parent":"0e46574f-97b1-4a21-a7e6-63468ad006ab","children":[],"position":[-0.16,0,0],"rotation":[0,0,0],"scale":[1,1,1],"components":{"sprite":{"enabled":true,"type":"simple","width":1,"height":1,"color":[1,1,1],"opacity":1,"flipX":false,"flipY":false,"spriteAsset":null,"frame":0,"speed":1,"batchGroupId":null,"layers":[1000],"drawOrder":5,"autoPlayClip":null,"clips":{}}},"tags":[]},"cf03210a-4e81-48e9-817e-7654ae0e9eee":{"name":"Digit 2","enabled":true,"resource_id":"cf03210a-4e81-48e9-817e-7654ae0e9eee","parent":"0e46574f-97b1-4a21-a7e6-63468ad006ab","children":[],"position":[-0.08,0,0],"rotation":[0,0,0],"scale":[1,1,1],"components":{"sprite":{"enabled":true,"type":"simple","width":1,"height":1,"color":[1,1,1],"opacity":1,"flipX":false,"flipY":false,"spriteAsset":null,"frame":0,"speed":1,"batchGroupId":null,"layers":[1000],"drawOrder":5,"autoPlayClip":null,"clips":{}}},"tags":[]},"17a6b7bd-bdab-441b-81c8-230d72b24dea":{"name":"Digit 3","enabled":true,"resource_id":"17a6b7bd-bdab-441b-81c8-230d72b24dea","parent":"0e46574f-97b1-4a21-a7e6-63468ad006ab","children":[],"position":[0,0,0],"rotation":[0,0,0],"scale":[1,1,1],"components":{"sprite":{"enabled":true,"type":"simple","width":1,"height":1,"color":[1,1,1],"opacity":1,"flipX":false,"flipY":false,"spriteAsset":null,"frame":0,"speed":1,"batchGroupId":null,"layers":[1000],"drawOrder":5,"autoPlayClip":null,"clips":{}}},"tags":[]},"ad11eeda-1101-4629-b70a-04b159ab7018":{"name":"New","enabled":false,"resource_id":"ad11eeda-1101-4629-b70a-04b159ab7018","parent":"2680d345-4105-420e-93de-8f9bddf33a49","children":[],"position":[0.1899999976158142,-0.034999966621398926,0],"rotation":[0,0,0],"scale":[1,1,1],"components":{"sprite":{"enabled":true,"type":"simple","width":1,"height":1,"color":[1,1,1],"opacity":1,"flipX":false,"flipY":false,"spriteAsset":91726662,"frame":0,"speed":1,"batchGroupId":null,"layers":[1000],"drawOrder":5,"autoPlayClip":null,"clips":{}}},"tags":[]},"3e958394-11f9-4044-b1a7-3108582dbbc3":{"name":"Best Score","enabled":true,"resource_id":"3e958394-11f9-4044-b1a7-3108582dbbc3","parent":"2680d345-4105-420e-93de-8f9bddf33a49","children":["40f01e7b-93dc-4852-a8e7-4c0ccd4a10b2","03432fa0-adca-427d-bc22-08036db4ad54","24551cc2-3b0a-450d-8ce7-4a5ea5df65f3","a4df1fc1-660f-4f88-9cb9-885e55c5e306"],"position":[0.41999998688697815,-0.13999998569488525,0],"rotation":[0,0,0],"scale":[1,1,1],"components":{"script":{"enabled":true,"order":["score"],"scripts":{"score":{"enabled":true,"attributes":{"name":"best","numbers":[91726602,91726632,91726661,91726660,91726604,91726639,91726611,91726625,91726605,91726606],"display":["40f01e7b-93dc-4852-a8e7-4c0ccd4a10b2","03432fa0-adca-427d-bc22-08036db4ad54","24551cc2-3b0a-450d-8ce7-4a5ea5df65f3","a4df1fc1-660f-4f88-9cb9-885e55c5e306"]}}}}},"tags":[]},"40f01e7b-93dc-4852-a8e7-4c0ccd4a10b2":{"name":"Digit 0","enabled":true,"resource_id":"40f01e7b-93dc-4852-a8e7-4c0ccd4a10b2","parent":"3e958394-11f9-4044-b1a7-3108582dbbc3","children":[],"position":[-0.24,0,0],"rotation":[0,0,0],"scale":[1,1,1],"components":{"sprite":{"enabled":true,"type":"simple","width":1,"height":1,"color":[1,1,1],"opacity":1,"flipX":false,"flipY":false,"spriteAsset":null,"frame":0,"speed":1,"batchGroupId":null,"layers":[1000],"drawOrder":5,"autoPlayClip":null,"clips":{}}},"tags":[]},"03432fa0-adca-427d-bc22-08036db4ad54":{"name":"Digit 1","enabled":true,"resource_id":"03432fa0-adca-427d-bc22-08036db4ad54","parent":"3e958394-11f9-4044-b1a7-3108582dbbc3","children":[],"position":[-0.16,0,0],"rotation":[0,0,0],"scale":[1,1,1],"components":{"sprite":{"enabled":true,"type":"simple","width":1,"height":1,"color":[1,1,1],"opacity":1,"flipX":false,"flipY":false,"spriteAsset":null,"frame":0,"speed":1,"batchGroupId":null,"layers":[1000],"drawOrder":5,"autoPlayClip":null,"clips":{}}},"tags":[]},"24551cc2-3b0a-450d-8ce7-4a5ea5df65f3":{"name":"Digit 2","enabled":true,"resource_id":"24551cc2-3b0a-450d-8ce7-4a5ea5df65f3","parent":"3e958394-11f9-4044-b1a7-3108582dbbc3","children":[],"position":[-0.08,0,0],"rotation":[0,0,0],"scale":[1,1,1],"components":{"sprite":{"enabled":true,"type":"simple","width":1,"height":1,"color":[1,1,1],"opacity":1,"flipX":false,"flipY":false,"spriteAsset":null,"frame":0,"speed":1,"batchGroupId":null,"layers":[1000],"drawOrder":5,"autoPlayClip":null,"clips":{}}},"tags":[]},"a4df1fc1-660f-4f88-9cb9-885e55c5e306":{"name":"Digit 3","enabled":true,"resource_id":"a4df1fc1-660f-4f88-9cb9-885e55c5e306","parent":"3e958394-11f9-4044-b1a7-3108582dbbc3","children":[],"position":[0,0,0],"rotation":[0,0,0],"scale":[1,1,1],"components":{"sprite":{"enabled":true,"type":"simple","width":1,"height":1,"color":[1,1,1],"opacity":1,"flipX":false,"flipY":false,"spriteAsset":null,"frame":0,"speed":1,"batchGroupId":null,"layers":[1000],"drawOrder":5,"autoPlayClip":null,"clips":{}}},"tags":[]},"453b78e6-cacf-4aa3-a664-2ce250139624":{"name":"Overlay","enabled":true,"resource_id":"453b78e6-cacf-4aa3-a664-2ce250139624","parent":"2f804bc6-c90b-11e5-811e-22000ac52f27","children":["8c6952b7-6bbe-41f2-9d37-ded6efccc073","0fe8e332-4f5c-4603-b624-68d695095420","a7ef72b3-a84f-494d-a103-93c1039bde47","f1f5928c-f14e-4f2a-8aaa-c3afb30ac4ea","cc42ef67-b959-488b-ab9d-1b52c90a3ec7","b6ae781a-6898-4319-ad4d-7df9ed7c6065"],"position":[0,0,0],"rotation":[0,0,0],"scale":[1,1,1],"components":{},"tags":[]},"8c6952b7-6bbe-41f2-9d37-ded6efccc073":{"name":"Left Border","tags":[],"enabled":true,"resource_id":"8c6952b7-6bbe-41f2-9d37-ded6efccc073","parent":"453b78e6-cacf-4aa3-a664-2ce250139624","children":[],"position":[-2.16,0,0],"rotation":[0,0,0],"scale":[18,16,1],"components":{"sprite":{"enabled":true,"type":"simple","width":1,"height":1,"color":[1,1,1],"opacity":1,"flipX":false,"flipY":false,"spriteAsset":91726618,"frame":0,"speed":1,"batchGroupId":null,"layers":[1000],"drawOrder":7,"autoPlayClip":null,"clips":{}}}},"0fe8e332-4f5c-4603-b624-68d695095420":{"name":"Right Border","tags":[],"enabled":true,"resource_id":"0fe8e332-4f5c-4603-b624-68d695095420","parent":"453b78e6-cacf-4aa3-a664-2ce250139624","children":[],"position":[2.1600000858306885,0,0],"rotation":[0,0,0],"scale":[18,16,1],"components":{"sprite":{"enabled":true,"type":"simple","width":1,"height":1,"color":[1,1,1],"opacity":1,"flipX":false,"flipY":false,"spriteAsset":91726618,"frame":0,"speed":1,"batchGroupId":null,"layers":[1000],"drawOrder":7,"autoPlayClip":null,"clips":{}}}},"a7ef72b3-a84f-494d-a103-93c1039bde47":{"name":"Top  Border","tags":[],"enabled":true,"resource_id":"a7ef72b3-a84f-494d-a103-93c1039bde47","parent":"453b78e6-cacf-4aa3-a664-2ce250139624","children":[],"position":[0,2.559999942779541,0],"rotation":[0,0,0],"scale":[9,16,1],"components":{"sprite":{"enabled":true,"type":"simple","width":1,"height":1,"color":[1,1,1],"opacity":1,"flipX":false,"flipY":false,"spriteAsset":91726618,"frame":0,"speed":1,"batchGroupId":null,"layers":[1000],"drawOrder":7,"autoPlayClip":null,"clips":{}}}},"f1f5928c-f14e-4f2a-8aaa-c3afb30ac4ea":{"name":"Bottom Border","tags":[],"enabled":true,"resource_id":"f1f5928c-f14e-4f2a-8aaa-c3afb30ac4ea","parent":"453b78e6-cacf-4aa3-a664-2ce250139624","children":[],"position":[0,-2.56,0],"rotation":[0,0,0],"scale":[9,16,1],"components":{"sprite":{"enabled":true,"type":"simple","width":1,"height":1,"color":[1,1,1],"opacity":1,"flipX":false,"flipY":false,"spriteAsset":91726618,"frame":0,"speed":1,"batchGroupId":null,"layers":[1000],"drawOrder":7,"autoPlayClip":null,"clips":{}}}},"cc42ef67-b959-488b-ab9d-1b52c90a3ec7":{"name":"Black Screen","tags":[],"enabled":true,"resource_id":"cc42ef67-b959-488b-ab9d-1b52c90a3ec7","parent":"453b78e6-cacf-4aa3-a664-2ce250139624","children":[],"position":[0,0,0],"rotation":[0,0,0],"scale":[9,16,1],"components":{"sprite":{"enabled":true,"type":"simple","width":1,"height":1,"color":[1,1,1],"opacity":0,"flipX":false,"flipY":false,"spriteAsset":91726618,"frame":0,"speed":1,"batchGroupId":null,"layers":[1000],"drawOrder":7,"autoPlayClip":null,"clips":{}},"script":{"enabled":true,"order":["tween","enable"],"scripts":{"tween":{"enabled":true,"attributes":{"tweens":[{"autoPlay":false,"event":"flash:black","path":"sprite.opacity","start":[0,0,0,0],"end":[1,0,0,0],"easingFunction":0,"easingType":0,"delay":0,"duration":250,"repeat":1,"repeatDelay":0,"yoyo":true,"startEvent":"enable:black","stopEvent":"","updateEvent":"","completeEvent":"disable:black","repeatEvent":""}]}},"enable":{"enabled":true,"attributes":{"enableEvent":"enable:black","disableEvent":"disable:black"}}}}}},"b6ae781a-6898-4319-ad4d-7df9ed7c6065":{"name":"White Screen","tags":[],"enabled":true,"resource_id":"b6ae781a-6898-4319-ad4d-7df9ed7c6065","parent":"453b78e6-cacf-4aa3-a664-2ce250139624","children":[],"position":[0,0,0],"rotation":[0,0,0],"scale":[9,16,1],"components":{"sprite":{"enabled":true,"type":"simple","width":1,"height":1,"color":[1,1,1],"opacity":0,"flipX":false,"flipY":false,"spriteAsset":91726649,"frame":0,"speed":1,"batchGroupId":null,"layers":[1000],"drawOrder":7,"autoPlayClip":null,"clips":{}},"script":{"enabled":true,"order":["tween","enable"],"scripts":{"tween":{"enabled":true,"attributes":{"tweens":[{"autoPlay":false,"event":"flash:white","path":"sprite.opacity","start":[1,0,0,0],"end":[0,0,0,0],"easingFunction":0,"easingType":1,"delay":0,"duration":200,"repeat":0,"repeatDelay":0,"yoyo":false,"startEvent":"enable:white","stopEvent":"","updateEvent":"","completeEvent":"disable:white","repeatEvent":""}]}},"enable":{"enabled":true,"attributes":{"enableEvent":"enable:white","disableEvent":"disable:white"}}}}}}},"checkpoint_id":"5fa39d1a-cd00-402c-9716-607ccbdbefbd","branch_id":"276b33da-4ca7-4bb7-810e-eaf203e6877c","id":1462688}