{"frames": {

"preloader0000":
{
	"frame": {"x":2,"y":2,"w":34,"h":85},
	"rotated": false,
	"trimmed": true,
	"spriteSourceSize": {"x":0,"y":0,"w":34,"h":85},
	"sourceSize": {"w":34,"h":85}
},
"preloader0001":
{
	"frame": {"x":38,"y":2,"w":33,"h":71},
	"rotated": false,
	"trimmed": true,
	"spriteSourceSize": {"x":0,"y":14,"w":34,"h":85},
	"sourceSize": {"w":34,"h":85}
},
"preloader0002":
{
	"frame": {"x":73,"y":2,"w":33,"h":57},
	"rotated": false,
	"trimmed": true,
	"spriteSourceSize": {"x":0,"y":28,"w":34,"h":85},
	"sourceSize": {"w":34,"h":85}
},
"preloader0003":
{
	"frame": {"x":73,"y":61,"w":33,"h":43},
	"rotated": false,
	"trimmed": true,
	"spriteSourceSize": {"x":0,"y":42,"w":34,"h":85},
	"sourceSize": {"w":34,"h":85}
},
"preloader0004":
{
	"frame": {"x":38,"y":75,"w":33,"h":28},
	"rotated": false,
	"trimmed": true,
	"spriteSourceSize": {"x":0,"y":57,"w":34,"h":85},
	"sourceSize": {"w":34,"h":85}
},
"preloader0005":
{
	"frame": {"x":2,"y":89,"w":33,"h":14},
	"rotated": false,
	"trimmed": true,
	"spriteSourceSize": {"x":0,"y":71,"w":34,"h":85},
	"sourceSize": {"w":34,"h":85}
}},
"meta": {
	"app": "Adobe Flash Professional",
	"version": "15.0.1.179",
	"image": "preloader.png",
	"format": "RGBA8888",
	"size": {"w":128,"h":128},
	"scale": "1"
}
}
