{
	"features": {
		"highscores": 1,
		"leaderboard": 0,
		"multiplayer": 0,
		"rewarded": 0,
		"standalone": 1,
		"credits": 0,
		"multiplayer_local": 1,
		"audio": 1,
		"external_mute": 1
	},
	"game_i18n": {
		"default": {
			"First Trip": "First Trip",
			"Day of Harmony": "Day of Harmony",
			"Sea Breeze": "Sea Breeze",
			"Evening Tide": "Evening Tide",
			"Nature Vibes": "Nature Vibes",
			"Gold Rhythms": "Gold Rhythms",
			"Master Tones": "Master Tones",
			"English Lullaby - Twinkle Twinkle Little Star": "English Lullaby - Twinkle Twinkle Little Star",
			"English Christmas Carol - Coventry Carol": "English Christmas Carol - Coventry Carol",
			"Felix Mendelssohn - Wedding March": "Felix Mendelssohn - Wedding March",
			"Jessie Seymour Irvine - The Lord's My Shepherd": "Jessie Seymour Irvine - The Lord's My Shepherd",
			"Welsh Christmas Carol - Deck the Halls": "Welsh Christmas Carol - Deck the Halls",
			"Richard Wagner - Bridal Chorus": "Richard Wagner - Bridal Chorus",
			"English Nursery Rhyme - Baa, Baa Black Sheep": "English Nursery Rhyme - Baa, Baa Black Sheep",
			"American Christmas Song - Jingle Bells": "American Christmas Song - Jingle Bells",
			"Alan Walker - Faded": "Alan Walker - Faded",
			"English Nursery Rhyme - Sing A Song Of Sixpence": "English Nursery Rhyme - Sing A Song Of Sixpence",
			"Christian Hymn - Morning Has Broken": "Christian Hymn - Morning Has Broken",
			"English Christmas Carol - God Rest You ...": "English Christmas Carol - God Rest You ...",
			"Wolfgang Amadeus Mozart - Theme from Sonata K331": "Wolfgang Amadeus Mozart - Theme from Sonata K331",
			"Christian Hymn - The Old 100th (Psalm 100)": "Christian Hymn - The Old 100th (Psalm 100)",
			"English Ballad - Scarborough Fair": "English Ballad - Scarborough Fair",
			"American Christmas Song - Away In A Manger": "American Christmas Song - Away In A Manger",
			"Robert Schumann - In Slumberland, Opus 15": "Robert Schumann - In Slumberland, Opus 15",
			"Russian Folk Song - The Birch Tree": "Russian Folk Song - The Birch Tree",
			"English Nursery Rhyme - What Can The Matter Be": "English Nursery Rhyme - What Can The Matter Be",
			"Erik Satie - Gymnopedie No 1": "Erik Satie - Gymnopedie No 1",
			"Nursery Rhyme - Ring A Ring O Roses": "Nursery Rhyme - Ring A Ring O Roses",
			"Thomas Hastings - Rock of Ages": "Thomas Hastings - Rock of Ages",
			"Elektronomia - Sky High": "Elektronomia - Sky High",
			"English Christmas Carol - Cradled In a Manger Meanly": "English Christmas Carol - Cradled In a Manger Meanly",
			"George Minor - Bringing in the Sheaves": "George Minor - Bringing in the Sheaves",
			"Polish Christmas Carol - Mizerna Cicha": "Polish Christmas Carol - Mizerna Cicha",
			"English Folk Song - Early One Morning": "English Folk Song - Early One Morning",
			"English Nursery Rhyme - Goosey Goosey Gander": "English Nursery Rhyme - Goosey Goosey Gander",
			"Christmas Carol - Joy To The World": "Christmas Carol - Joy To The World",
			"English Nursery Rhyme - Rub A Dub Dub": "English Nursery Rhyme - Rub A Dub Dub",
			"Basque Christmas Carol - Gabriels Message": "Basque Christmas Carol - Gabriels Message",
			"English Folk Song - Greensleeves": "English Folk Song - Greensleeves",
			"Edvard Grieg - Solitary Traveller": "Edvard Grieg - Solitary Traveller",
			"William C. Dix - As With Gladness Men of Old": "William C. Dix - As With Gladness Men of Old",
			"George James Webb - Stand Up, Stand Up for Jesus": "George James Webb - Stand Up, Stand Up for Jesus",
			"Nursery Rhyme - Londons Burning": "Nursery Rhyme - Londons Burning",
			"Scottish Folk Song - The Skye Boat Song": "Scottish Folk Song - The Skye Boat Song",
			"Disfigure - Blank": "Disfigure - Blank",
			"Johann Sebastian Bach - Fugue in C major BWV 846": "Johann Sebastian Bach - Fugue in C major BWV 846",
			"American Nursery Rhyme - If You Are Happy ...": "American Nursery Rhyme - If You Are Happy ...",
			"Franz Schubert - Moments Musicaux No 3": "Franz Schubert - Moments Musicaux No 3",
			"Wallis Willis - Swing Low, Sweet Chariot": "Wallis Willis - Swing Low, Sweet Chariot",
			"Scottish Folk Song - Flowers of the Forest": "Scottish Folk Song - Flowers of the Forest",
			"John Hughes - Cwm Rhondda": "John Hughes - Cwm Rhondda",
			"Christmas Carol - What Child is This": "Christmas Carol - What Child is This",
			"English Nursery Rhyme - I Had A Little Nut Tree": "English Nursery Rhyme - I Had A Little Nut Tree",
			"Christian Hymn - Amazing Grace": "Christian Hymn - Amazing Grace",
			"Ukrainian Christmas Carol - Carol of the Bells": "Ukrainian Christmas Carol - Carol of the Bells",
			"English Christmas Carol - The Holly And The Ivy": "English Christmas Carol - The Holly And The Ivy",
			"English Folk Song - Bobby Shaftoe": "English Folk Song - Bobby Shaftoe",
			"Irish Christmas Carol - The Wexford Carol": "Irish Christmas Carol - The Wexford Carol",
			"Henry Clay Work - My Grandfather's Clock": "Henry Clay Work - My Grandfather's Clock",
			"Antonin Dvorak - Humoresque": "Antonin Dvorak - Humoresque",
			"Johann Strauss II - Blue Danube": "Johann Strauss II - Blue Danube",
			"English Christmas Carol - Wish You a Merry Christmas": "English Christmas Carol - Wish You a Merry Christmas",
			"Arthur Sullivan - Onward Christian Soldiers": "Arthur Sullivan - Onward Christian Soldiers",
			"Frederic Chopin - The Raindrop Prelude (No.15)": "Frederic Chopin - The Raindrop Prelude (No.15)",
			"Deaf Kev - Invincible": "Deaf Kev - Invincible",
			"Traditional American Song - When Johnny Comes ...": "Traditional American Song - When Johnny Comes ...",
			"Liverpool Folk Song - Johnny Todd": "Liverpool Folk Song - Johnny Todd",
			"Felix Mendelssohn - Faith Song Without Words": "Felix Mendelssohn - Faith Song Without Words",
			"Hans Leo Hassler - Sacred Head, Now Wounded": "Hans Leo Hassler - Sacred Head, Now Wounded",
			"Robert Lowry - Shall We Gather at the River": "Robert Lowry - Shall We Gather at the River",
			"John Bacchus Dykes - The King of Love ...": "John Bacchus Dykes - The King of Love ...",
			"Austrian Christmas Song - Silent Night": "Austrian Christmas Song - Silent Night",
			"English Nursery Rhyme - There Was A Crooked Man": "English Nursery Rhyme - There Was A Crooked Man",
			"English Christmas Carol - I Saw Three Ships": "English Christmas Carol - I Saw Three Ships",
			"English Nursery Rhyme - Little Bo Peep": "English Nursery Rhyme - Little Bo Peep",
			"Christian Hymn - Lord of All Hopefulness": "Christian Hymn - Lord of All Hopefulness",
			"English Nursery Rhyme - The Grand Old Duke Of York": "English Nursery Rhyme - The Grand Old Duke Of York",
			"Scottish Folk Song - Auld Lang Syne": "Scottish Folk Song - Auld Lang Syne",
			"English Folk Song - Sumer Is Icumen In": "English Folk Song - Sumer Is Icumen In",
			"English Christmas Carol - Twelve Days of Christmas": "English Christmas Carol - Twelve Days of Christmas",
			"Ludwig van Beethoven - Für Elise": "Ludwig van Beethoven - Für Elise",
			"French Christmas Carol - Il Est Ne Le Divin Enfant": "French Christmas Carol - Il Est Ne Le Divin Enfant",
			"Ahrix - Nova": "Ahrix - Nova",
			"Johann Sebastian Bach - Prelude in C major BWV 846": "Johann Sebastian Bach - Prelude in C major BWV 846",
			"English Nursery Rhyme - The Muffin Man": "English Nursery Rhyme - The Muffin Man",
			"Johann Pachelbel - Canon in D": "Johann Pachelbel - Canon in D",
			"Charles Crozat Converse - A Friend We Have In Jesus": "Charles Crozat Converse - A Friend We Have In Jesus",
			"Christmas Carol - In The Bleak Midwinter": "Christmas Carol - In The Bleak Midwinter",
			"Joseph Barnby - Oh Perfect Love": "Joseph Barnby - Oh Perfect Love",
			"English Nursery Rhyme - See Saw Margery Daw": "English Nursery Rhyme - See Saw Margery Daw",
			"Russian Folk Song - Kalinka": "Russian Folk Song - Kalinka",
			"Modest Mussorgsky - Promenade": "Modest Mussorgsky - Promenade",
			"Pyotr Ilyich Tchaikovsky - Dance of the Little Swans": "Pyotr Ilyich Tchaikovsky - Dance of the Little Swans",
			"French Folk Song - Frere Jacques": "French Folk Song - Frere Jacques",
			"African-American Spiritual Song - Go Tell It On The Mountain": "African-American Spiritual Song - Go Tell It On The Mountain",
			"Christmas Carol - Gaudete Rejoice": "Christmas Carol - Gaudete Rejoice",
			"Different Heaven - Far Away": "Different Heaven - Far Away",
			"Erik Satie - Gnossienne No 1": "Erik Satie - Gnossienne No 1",
			"English Folk Song - Lavenders Blue": "English Folk Song - Lavenders Blue",
			"English Christmas Carol - Wassail Song": "English Christmas Carol - Wassail Song",
			"Desmeon - Hellcat": "Desmeon - Hellcat",
			"Edvard Grieg - Valse, Opus 12 No 2": "Edvard Grieg - Valse, Opus 12 No 2",
			"English Nursery Rhyme - Three Blind Mice": "English Nursery Rhyme - Three Blind Mice",
			"Nursery Rhyme - The Farmer's In His Den": "Nursery Rhyme - The Farmer's In His Den",
			"Claude Debussy - Clair De Lune": "Claude Debussy - Clair De Lune",
			"William Henry Monk - Abide With Me": "William Henry Monk - Abide With Me",
			"Christmas Carol - It Came Upon a Midnight ...": "Christmas Carol - It Came Upon a Midnight ...",
			"Felice Giardini - God Bless Our Native Land": "Felice Giardini - God Bless Our Native Land",
			"Christmas Carol - Ding Dong Merrily on High": "Christmas Carol - Ding Dong Merrily on High",
			"Pyotr Ilyich Tchaikovsky - Sugar Plum": "Pyotr Ilyich Tchaikovsky - Sugar Plum",
			"English Nursery Rhyme - Here We Go Round ...": "English Nursery Rhyme - Here We Go Round ...",
			"Russian Folk Song - Korobeiniki": "Russian Folk Song - Korobeiniki",
			"K-391 - Earth": "K-391 - Earth",
			"Mendum - Stay With Me": "Mendum - Stay With Me",
			"Ludwig van Beethoven - Moonlight Sonata": "Ludwig van Beethoven - Moonlight Sonata"
		},
		"de": {
			"First Trip": "Erste Reise",
			"Day of Harmony": "Harmoniestunde",
			"Sea Breeze": "Meeresbriese",
			"Evening Tide": "Abendflut",
			"Nature Vibes": "Naturstimmung",
			"Gold Rhythms": "Goldene Töne",
			"Master Tones": "Meisterklänge",
			"English Lullaby - Twinkle Twinkle Little Star": "Englisches Schlaflied - Twinkle Twinkle Little Star",
			"English Christmas Carol - Coventry Carol": "Englisches Weihnachtslied - Coventry Carol",
			"Felix Mendelssohn - Wedding March": "Felix Mendelssohn - Hochzeitsmarsch",
			"Jessie Seymour Irvine - The Lord's My Shepherd": "Jessie Seymour Irvine - Der Herr ist mein Hirt",
			"Welsh Christmas Carol - Deck the Halls": "Walisisches Weihnachtslied - Deck the Halls",
			"Richard Wagner - Bridal Chorus": "Richard Wagner - Brautchor",
			"English Nursery Rhyme - Baa, Baa Black Sheep": "Englischer Kinderreim - Baa, Baa Black Sheep",
			"American Christmas Song - Jingle Bells": "Amerikanisches Weihnachtslied - Jingle Bells",
			"Alan Walker - Faded": "Alan Walker - Faded",
			"English Nursery Rhyme - Sing A Song Of Sixpence": "Englischer Kinderreim - Sing A Song Of Sixpence",
			"Christian Hymn - Morning Has Broken": "Christliches Kirchenlied - Morning Has Broken",
			"English Christmas Carol - God Rest You ...": "Englisches Weihnachtslied - God Rest You ...",
			"Wolfgang Amadeus Mozart - Theme from Sonata K331": "Wolfgang Amadeus Mozart - Thema aus Sonate K331",
			"Christian Hymn - The Old 100th (Psalm 100)": "Christliches Kirchenlied - Der alte 100. (Psalm 100)",
			"English Ballad - Scarborough Fair": "Englische Ballade - Scarborough Fair",
			"American Christmas Song - Away In A Manger": "Amerikanisches Weihnachtslied - Away In A Manger",
			"Robert Schumann - In Slumberland, Opus 15": "Robert Schumann - Kinderszenen, Opus 15",
			"Russian Folk Song - The Birch Tree": "Russisches Volkslied - The Birch Tree",
			"English Nursery Rhyme - What Can The Matter Be": "Englischer Kinderreim - What Can The Matter Be",
			"Erik Satie - Gymnopedie No 1": "Erik Satie - Gymnopedie No 1",
			"Nursery Rhyme - Ring A Ring O Roses": "Kinderlied - Ringel-Ringel-Reihe",
			"Thomas Hastings - Rock of Ages": "Thomas Hastings - Rock of Ages",
			"Elektronomia - Sky High": "Elektronomia - Sky High",
			"English Christmas Carol - Cradled In a Manger Meanly": "Englisches Weihnachtslied - Cradled In a Manger Meanly",
			"George Minor - Bringing in the Sheaves": "George Minor - Bringing in the Sheaves",
			"Polish Christmas Carol - Mizerna Cicha": "Polnisches Weihnachtslied - Mizerna Cicha",
			"English Folk Song - Early One Morning": "Englisches Volkslied - Early One Morning",
			"English Nursery Rhyme - Goosey Goosey Gander": "Englischer Kinderreim - Goosey Goosey Gander",
			"Christmas Carol - Joy To The World": "Weihnachtslied - Joy To The World",
			"English Nursery Rhyme - Rub A Dub Dub": "Englischer Kinderreim - Rub A Dub Dub",
			"Basque Christmas Carol - Gabriels Message": "Baskisches Weihnachtslied - Gabriels Message",
			"English Folk Song - Greensleeves": "Englisches Volkslied - Greensleeves",
			"Edvard Grieg - Solitary Traveller": "Edvard Grieg - Solitary Traveller",
			"William C. Dix - As With Gladness Men of Old": "William C. Dix - As With Gladness Men of Old",
			"George James Webb - Stand Up, Stand Up for Jesus": "George James Webb - Stand Up, Stand Up for Jesus",
			"Nursery Rhyme - Londons Burning": "Kinderreim - Londons Burning",
			"Scottish Folk Song - The Skye Boat Song": "Schottisches Volkslied - The Skye Boat Song",
			"Disfigure - Blank": "Disfigure - Blank",
			"Johann Sebastian Bach - Fugue in C major BWV 846": "Johann Sebastian Bach - Fuge C-Dur BWV 846",
			"American Nursery Rhyme - If You Are Happy ...": "Amerikanischer Kinderreim - If You Are Happy ...",
			"Franz Schubert - Moments Musicaux No 3": "Franz Schubert - Moments Musicaux Nr. 3",
			"Wallis Willis - Swing Low, Sweet Chariot": "Wallis Willis - Swing Low, Sweet Chariot",
			"Scottish Folk Song - Flowers of the Forest": "Schottisches Volkslied - Flowers of the Forest",
			"John Hughes - Cwm Rhondda": "John Hughes - Cwm Rhondda",
			"Christmas Carol - What Child is This": "Weihnachtslied - What Child is This",
			"English Nursery Rhyme - I Had A Little Nut Tree": "Englischer Kinderreim - I Had A Little Nut Tree",
			"Christian Hymn - Amazing Grace": "Christliches Kirchenlied - Amazing Grace",
			"Ukrainian Christmas Carol - Carol of the Bells": "Ukrainisches Weihnachtslied - Carol of the Bells",
			"English Christmas Carol - The Holly And The Ivy": "Englisches Weihnachtslied - The Holly And The Ivy",
			"English Folk Song - Bobby Shaftoe": "Englisches Volkslied - Bobby Shaftoe",
			"Irish Christmas Carol - The Wexford Carol": "Irisches Weihnachtslied - The Wexford Carol",
			"Henry Clay Work - My Grandfather's Clock": "Henry Clay Work - My Grandfather's Clock",
			"Antonin Dvorak - Humoresque": "Antonin Dvorak - Humoresque",
			"Johann Strauss II - Blue Danube": "Johann Strauss II - Blaue Donau",
			"English Christmas Carol - Wish You a Merry Christmas": "Englisches Weihnachtslied - Wish You a Merry Christmas",
			"Arthur Sullivan - Onward Christian Soldiers": "Arthur Sullivan - Onward Christian Soldiers",
			"Frederic Chopin - The Raindrop Prelude (No.15)": "Frederic Chopin - Regentropfen-Prélude (Nr. 15)",
			"Deaf Kev - Invincible": "Deaf Kev - Invincible",
			"Traditional American Song - When Johnny Comes ...": "Traditionelles amerikanisches Lied - When Johnny Comes ...",
			"Liverpool Folk Song - Johnny Todd": "Liverpooler Volkslied - Johnny Todd",
			"Felix Mendelssohn - Faith Song Without Words": "Felix Mendelssohn - Lieder ohne Worte",
			"Hans Leo Hassler - Sacred Head, Now Wounded": "Hans Leo Hassler - O Haupt voll Blut und Wunden",
			"Robert Lowry - Shall We Gather at the River": "Robert Lowry - Shall We Gather at the River",
			"John Bacchus Dykes - The King of Love ...": "John Bacchus Dykes - The King of Love ...",
			"Austrian Christmas Song - Silent Night": "Österreichisches Weihnachtslied - Stille Nacht",
			"English Nursery Rhyme - There Was A Crooked Man": "Englischer Kinderreim - There Was A Crooked Man",
			"English Christmas Carol - I Saw Three Ships": "Englisches Weihnachtslied - I Saw Three Ships",
			"English Nursery Rhyme - Little Bo Peep": "Englischer Kinderreim - Little Bo Peep",
			"Christian Hymn - Lord of All Hopefulness": "Christliches Kirchenlied - Lord of All Hopefulness",
			"English Nursery Rhyme - The Grand Old Duke Of York": "Englischer Kinderreim - The Grand Old Duke Of York",
			"Scottish Folk Song - Auld Lang Syne": "Schottisches Volkslied - Auld Lang Syne",
			"English Folk Song - Sumer Is Icumen In": "Englisches Volkslied - Sumer Is Icumen In",
			"English Christmas Carol - Twelve Days of Christmas": "Englisches Weihnachtslied - Twelve Days of Christmas",
			"Ludwig van Beethoven - Für Elise": "Ludwig van Beethoven - Für Elise",
			"French Christmas Carol - Il Est Ne Le Divin Enfant": "Französisches Weihnachtslied - Il Est Ne Le Divin Enfant",
			"Ahrix - Nova": "Ahrix - Nova",
			"Johann Sebastian Bach - Prelude in C major BWV 846": "Johann Sebastian Bach - Präludium C-Dur BWV 846",
			"English Nursery Rhyme - The Muffin Man": "Englischer Kinderreim - The Muffin Man",
			"Johann Pachelbel - Canon in D": "Johann Pachelbel - Canon in D",
			"Charles Crozat Converse - A Friend We Have In Jesus": "Charles Crozat Converse - A Friend We Have In Jesus",
			"Christmas Carol - In The Bleak Midwinter": "Weihnachtslied - Tief in kaltem Winter",
			"Joseph Barnby - Oh Perfect Love": "Joseph Barnby - Oh Perfect Love",
			"English Nursery Rhyme - See Saw Margery Daw": "Englischer Kinderreim - See Saw Margery Daw",
			"Russian Folk Song - Kalinka": "Russisches Volkslied - Kalinka",
			"Modest Mussorgsky - Promenade": "Modest Mussorgsky - Promenade",
			"Pyotr Ilyich Tchaikovsky - Dance of the Little Swans": "Pyotr Ilyich Tchaikovsky - Tanz der kleinen Schwäne",
			"French Folk Song - Frere Jacques": "Französisches Volkslied - Frere Jacques",
			"African-American Spiritual Song - Go Tell It On The Mountain": "Afroamerikanisches geistliches Lied - Go Tell It On The Mountain",
			"Christmas Carol - Gaudete Rejoice": "Weihnachtslied - Gaudete Rejoice",
			"Different Heaven - Far Away": "Different Heaven - Far Away",
			"Erik Satie - Gnossienne No 1": "Erik Satie - Gnossienne Nr. 1",
			"English Folk Song - Lavenders Blue": "Englisches Volkslied - Lavenders Blue",
			"English Christmas Carol - Wassail Song": "Englisches Weihnachtslied - Wassail Song",
			"Desmeon - Hellcat": "Desmeon - Hellcat",
			"Edvard Grieg - Valse, Opus 12 No 2": "Edvard Grieg - Valse, Opus 12 Nr. 2",
			"English Nursery Rhyme - Three Blind Mice": "Englischer Kinderreim - Three Blind Mice",
			"Nursery Rhyme - The Farmer's In His Den": "Kinderlied - The Farmer's In His Den",
			"Claude Debussy - Clair De Lune": "Claude Debussy - Clair De Lune",
			"William Henry Monk - Abide With Me": "William Henry Monk - Abide With Me",
			"Christmas Carol - It Came Upon a Midnight ...": "Weihnachtslied - It Came Upon a Midnight ...",
			"Felice Giardini - God Bless Our Native Land": "Felice Giardini - God Bless Our Native Land",
			"Christmas Carol - Ding Dong Merrily on High": "Weihnachtslied - Ding Dong Merrily on High",
			"Pyotr Ilyich Tchaikovsky - Sugar Plum": "Pyotr Ilyich Tchaikovsky - Tanz der Zuckerfee",
			"English Nursery Rhyme - Here We Go Round ...": "Englischer Kinderreim - Here We Go Round ...",
			"Russian Folk Song - Korobeiniki": "Russisches Volkslied - Korobeiniki",
			"K-391 - Earth": "K-391 - Earth",
			"Mendum - Stay With Me": "Mendum - Stay With Me",
			"Ludwig van Beethoven - Moonlight Sonata": "Ludwig van Beethoven - Mondschein-Sonate"
		}
	},
	"aid": "A1234-5",
	"logging": false,
	"api": "famobi",
	"name": "Google GameSnacks",
	"more_games_url": "",
	"more_games_button_image": "logo",
	"show_splash": "",
	"splash_duration": 3000,
	"branch": "master",
	"gameParams": {
		"ad_type": "off"
	},
	"menuless": true,
	"disable_console": false,
	"includeJS": [],
	"version": "ff511953",
	"supportedLanguages": ["en", "de"]
}
