{
  "frames": {
    "12": {
      "frame": {
        "x": 0,
        "y": 0,
        "w": 263,
        "h": 228
      },
      "rotated": false,
      "trimmed": true,
      "spriteSourceSize": {
        "x": 129,
        "y": 138,
        "w": 263,
        "h": 228
      },
      "sourceSize": {
        "w": 512,
        "h": 512
      },
      "pivot": {
        "x": 0.5,
        "y": 0.5
      }
    },
    "13": {
      "frame": {
        "x": 263,
        "y": 0,
        "w": 261,
        "h": 230
      },
      "rotated": false,
      "trimmed": true,
      "spriteSourceSize": {
        "x": 131,
        "y": 138,
        "w": 261,
        "h": 230
      },
      "sourceSize": {
        "w": 512,
        "h": 512
      },
      "pivot": {
        "x": 0.5,
        "y": 0.5
      }
    },
    "14": {
      "frame": {
        "x": 0,
        "y": 228,
        "w": 260,
        "h": 230
      },
      "rotated": false,
      "trimmed": true,
      "spriteSourceSize": {
        "x": 131,
        "y": 140,
        "w": 260,
        "h": 230
      },
      "sourceSize": {
        "w": 512,
        "h": 512
      },
      "pivot": {
        "x": 0.5,
        "y": 0.5
      }
    },
    "15": {
      "frame": {
        "x": 524,
        "y": 0,
        "w": 258,
        "h": 233
      },
      "rotated": false,
      "trimmed": true,
      "spriteSourceSize": {
        "x": 131,
        "y": 140,
        "w": 258,
        "h": 233
      },
      "sourceSize": {
        "w": 512,
        "h": 512
      },
      "pivot": {
        "x": 0.5,
        "y": 0.5
      }
    },
    "16": {
      "frame": {
        "x": 260,
        "y": 230,
        "w": 254,
        "h": 239
      },
      "rotated": false,
      "trimmed": true,
      "spriteSourceSize": {
        "x": 133,
        "y": 140,
        "w": 254,
        "h": 239
      },
      "sourceSize": {
        "w": 512,
        "h": 512
      },
      "pivot": {
        "x": 0.5,
        "y": 0.5
      }
    },
    "17": {
      "frame": {
        "x": 0,
        "y": 458,
        "w": 250,
        "h": 244
      },
      "rotated": false,
      "trimmed": true,
      "spriteSourceSize": {
        "x": 135,
        "y": 137,
        "w": 250,
        "h": 244
      },
      "sourceSize": {
        "w": 512,
        "h": 512
      },
      "pivot": {
        "x": 0.5,
        "y": 0.5
      }
    },
    "18": {
      "frame": {
        "x": 782,
        "y": 0,
        "w": 247,
        "h": 245
      },
      "rotated": false,
      "trimmed": true,
      "spriteSourceSize": {
        "x": 136,
        "y": 136,
        "w": 247,
        "h": 245
      },
      "sourceSize": {
        "w": 512,
        "h": 512
      },
      "pivot": {
        "x": 0.5,
        "y": 0.5
      }
    },
    "19": {
      "frame": {
        "x": 514,
        "y": 233,
        "w": 240,
        "h": 245
      },
      "rotated": false,
      "trimmed": true,
      "spriteSourceSize": {
        "x": 140,
        "y": 135,
        "w": 240,
        "h": 245
      },
      "sourceSize": {
        "w": 512,
        "h": 512
      },
      "pivot": {
        "x": 0.5,
        "y": 0.5
      }
    },
    "11": {
      "frame": {
        "x": 250,
        "y": 469,
        "w": 240,
        "h": 231
      },
      "rotated": false,
      "trimmed": true,
      "spriteSourceSize": {
        "x": 138,
        "y": 139,
        "w": 240,
        "h": 231
      },
      "sourceSize": {
        "w": 512,
        "h": 512
      },
      "pivot": {
        "x": 0.5,
        "y": 0.5
      }
    },
    "20": {
      "frame": {
        "x": 250,
        "y": 700,
        "w": 224,
        "h": 241
      },
      "rotated": false,
      "trimmed": true,
      "spriteSourceSize": {
        "x": 151,
        "y": 137,
        "w": 224,
        "h": 241
      },
      "sourceSize": {
        "w": 512,
        "h": 512
      },
      "pivot": {
        "x": 0.5,
        "y": 0.5
      }
    },
    "6": {
      "frame": {
        "x": 0,
        "y": 702,
        "w": 210,
        "h": 176
      },
      "rotated": false,
      "trimmed": true,
      "spriteSourceSize": {
        "x": 153,
        "y": 142,
        "w": 210,
        "h": 176
      },
      "sourceSize": {
        "w": 512,
        "h": 512
      },
      "pivot": {
        "x": 0.5,
        "y": 0.5
      }
    },
    "7": {
      "frame": {
        "x": 0,
        "y": 878,
        "w": 209,
        "h": 179
      },
      "rotated": false,
      "trimmed": true,
      "spriteSourceSize": {
        "x": 150,
        "y": 140,
        "w": 209,
        "h": 179
      },
      "sourceSize": {
        "w": 512,
        "h": 512
      },
      "pivot": {
        "x": 0.5,
        "y": 0.5
      }
    },
    "10": {
      "frame": {
        "x": 0,
        "y": 1057,
        "w": 203,
        "h": 241
      },
      "rotated": false,
      "trimmed": true,
      "spriteSourceSize": {
        "x": 142,
        "y": 136,
        "w": 203,
        "h": 241
      },
      "sourceSize": {
        "w": 512,
        "h": 512
      },
      "pivot": {
        "x": 0.5,
        "y": 0.5
      }
    },
    "21": {
      "frame": {
        "x": 0,
        "y": 1298,
        "w": 203,
        "h": 238
      },
      "rotated": false,
      "trimmed": true,
      "spriteSourceSize": {
        "x": 160,
        "y": 138,
        "w": 203,
        "h": 238
      },
      "sourceSize": {
        "w": 512,
        "h": 512
      },
      "pivot": {
        "x": 0.5,
        "y": 0.5
      }
    },
    "22": {
      "frame": {
        "x": 0,
        "y": 1536,
        "w": 173,
        "h": 224
      },
      "rotated": false,
      "trimmed": true,
      "spriteSourceSize": {
        "x": 172,
        "y": 145,
        "w": 173,
        "h": 224
      },
      "sourceSize": {
        "w": 512,
        "h": 512
      },
      "pivot": {
        "x": 0.5,
        "y": 0.5
      }
    },
    "9": {
      "frame": {
        "x": 0,
        "y": 1760,
        "w": 205,
        "h": 219
      },
      "rotated": false,
      "trimmed": true,
      "spriteSourceSize": {
        "x": 142,
        "y": 139,
        "w": 205,
        "h": 219
      },
      "sourceSize": {
        "w": 512,
        "h": 512
      },
      "pivot": {
        "x": 0.5,
        "y": 0.5
      }
    },
    "23": {
      "frame": {
        "x": 173,
        "y": 1536,
        "w": 175,
        "h": 210
      },
      "rotated": false,
      "trimmed": true,
      "spriteSourceSize": {
        "x": 171,
        "y": 153,
        "w": 175,
        "h": 210
      },
      "sourceSize": {
        "w": 512,
        "h": 512
      },
      "pivot": {
        "x": 0.5,
        "y": 0.5
      }
    },
    "8": {
      "frame": {
        "x": 205,
        "y": 1746,
        "w": 208,
        "h": 183
      },
      "rotated": false,
      "trimmed": true,
      "spriteSourceSize": {
        "x": 147,
        "y": 139,
        "w": 208,
        "h": 183
      },
      "sourceSize": {
        "w": 512,
        "h": 512
      },
      "pivot": {
        "x": 0.5,
        "y": 0.5
      }
    },
    "3": {
      "frame": {
        "x": 348,
        "y": 1929,
        "w": 206,
        "h": 102
      },
      "rotated": false,
      "trimmed": true,
      "spriteSourceSize": {
        "x": 161,
        "y": 146,
        "w": 206,
        "h": 102
      },
      "sourceSize": {
        "w": 512,
        "h": 512
      },
      "pivot": {
        "x": 0.5,
        "y": 0.5
      }
    },
    "0": {
      "frame": {
        "x": 205,
        "y": 1929,
        "w": 112,
        "h": 84
      },
      "rotated": false,
      "trimmed": true,
      "spriteSourceSize": {
        "x": 257,
        "y": 152,
        "w": 112,
        "h": 84
      },
      "sourceSize": {
        "w": 512,
        "h": 512
      },
      "pivot": {
        "x": 0.5,
        "y": 0.5
      }
    },
    "5": {
      "frame": {
        "x": 203,
        "y": 1057,
        "w": 208,
        "h": 165
      },
      "rotated": false,
      "trimmed": true,
      "spriteSourceSize": {
        "x": 157,
        "y": 143,
        "w": 208,
        "h": 165
      },
      "sourceSize": {
        "w": 512,
        "h": 512
      },
      "pivot": {
        "x": 0.5,
        "y": 0.5
      }
    },
    "2": {
      "frame": {
        "x": 348,
        "y": 941,
        "w": 199,
        "h": 88
      },
      "rotated": false,
      "trimmed": true,
      "spriteSourceSize": {
        "x": 169,
        "y": 148,
        "w": 199,
        "h": 88
      },
      "sourceSize": {
        "w": 512,
        "h": 512
      },
      "pivot": {
        "x": 0.5,
        "y": 0.5
      }
    },
    "4": {
      "frame": {
        "x": 474,
        "y": 700,
        "w": 208,
        "h": 134
      },
      "rotated": false,
      "trimmed": true,
      "spriteSourceSize": {
        "x": 158,
        "y": 145,
        "w": 208,
        "h": 134
      },
      "sourceSize": {
        "w": 512,
        "h": 512
      },
      "pivot": {
        "x": 0.5,
        "y": 0.5
      }
    },
    "1": {
      "frame": {
        "x": 490,
        "y": 834,
        "w": 150,
        "h": 85
      },
      "rotated": false,
      "trimmed": true,
      "spriteSourceSize": {
        "x": 218,
        "y": 150,
        "w": 150,
        "h": 85
      },
      "sourceSize": {
        "w": 512,
        "h": 512
      },
      "pivot": {
        "x": 0.5,
        "y": 0.5
      }
    }
  },
  "meta": {
    "app": "http://free-tex-packer.com",
    "version": "0.6.7",
    "image": "FireTarget.png",
    "format": "RGBA8888",
    "size": {
      "w": 2048,
      "h": 2048
    },
    "scale": 1
  }
}