{
  "frames": {
    "21": {
      "frame": {
        "x": 0,
        "y": 0,
        "w": 512,
        "h": 512
      },
      "rotated": false,
      "trimmed": false,
      "spriteSourceSize": {
        "x": 0,
        "y": 0,
        "w": 512,
        "h": 512
      },
      "sourceSize": {
        "w": 512,
        "h": 512
      },
      "pivot": {
        "x": 0.5,
        "y": 0.5
      }
    },
    "20": {
      "frame": {
        "x": 512,
        "y": 0,
        "w": 336,
        "h": 306
      },
      "rotated": false,
      "trimmed": true,
      "spriteSourceSize": {
        "x": 81,
        "y": 115,
        "w": 336,
        "h": 306
      },
      "sourceSize": {
        "w": 512,
        "h": 512
      },
      "pivot": {
        "x": 0.5,
        "y": 0.5
      }
    },
    "18": {
      "frame": {
        "x": 848,
        "y": 0,
        "w": 335,
        "h": 326
      },
      "rotated": false,
      "trimmed": true,
      "spriteSourceSize": {
        "x": 81,
        "y": 103,
        "w": 335,
        "h": 326
      },
      "sourceSize": {
        "w": 512,
        "h": 512
      },
      "pivot": {
        "x": 0.5,
        "y": 0.5
      }
    },
    "19": {
      "frame": {
        "x": 512,
        "y": 306,
        "w": 335,
        "h": 322
      },
      "rotated": false,
      "trimmed": true,
      "spriteSourceSize": {
        "x": 81,
        "y": 107,
        "w": 335,
        "h": 322
      },
      "sourceSize": {
        "w": 512,
        "h": 512
      },
      "pivot": {
        "x": 0.5,
        "y": 0.5
      }
    },
    "16": {
      "frame": {
        "x": 0,
        "y": 512,
        "w": 334,
        "h": 324
      },
      "rotated": false,
      "trimmed": true,
      "spriteSourceSize": {
        "x": 82,
        "y": 104,
        "w": 334,
        "h": 324
      },
      "sourceSize": {
        "w": 512,
        "h": 512
      },
      "pivot": {
        "x": 0.5,
        "y": 0.5
      }
    },
    "2": {
      "frame": {
        "x": 334,
        "y": 512,
        "w": 143,
        "h": 119
      },
      "rotated": false,
      "trimmed": true,
      "spriteSourceSize": {
        "x": 162,
        "y": 208,
        "w": 143,
        "h": 119
      },
      "sourceSize": {
        "w": 512,
        "h": 512
      },
      "pivot": {
        "x": 0.5,
        "y": 0.5
      }
    },
    "0": {
      "frame": {
        "x": 477,
        "y": 512,
        "w": 28,
        "h": 27
      },
      "rotated": false,
      "trimmed": true,
      "spriteSourceSize": {
        "x": 228,
        "y": 257,
        "w": 28,
        "h": 27
      },
      "sourceSize": {
        "w": 512,
        "h": 512
      },
      "pivot": {
        "x": 0.5,
        "y": 0.5
      }
    },
    "17": {
      "frame": {
        "x": 1183,
        "y": 0,
        "w": 334,
        "h": 324
      },
      "rotated": false,
      "trimmed": true,
      "spriteSourceSize": {
        "x": 82,
        "y": 104,
        "w": 334,
        "h": 324
      },
      "sourceSize": {
        "w": 512,
        "h": 512
      },
      "pivot": {
        "x": 0.5,
        "y": 0.5
      }
    },
    "15": {
      "frame": {
        "x": 1517,
        "y": 0,
        "w": 333,
        "h": 322
      },
      "rotated": false,
      "trimmed": true,
      "spriteSourceSize": {
        "x": 83,
        "y": 105,
        "w": 333,
        "h": 322
      },
      "sourceSize": {
        "w": 512,
        "h": 512
      },
      "pivot": {
        "x": 0.5,
        "y": 0.5
      }
    },
    "3": {
      "frame": {
        "x": 1850,
        "y": 0,
        "w": 182,
        "h": 163
      },
      "rotated": false,
      "trimmed": true,
      "spriteSourceSize": {
        "x": 147,
        "y": 191,
        "w": 182,
        "h": 163
      },
      "sourceSize": {
        "w": 512,
        "h": 512
      },
      "pivot": {
        "x": 0.5,
        "y": 0.5
      }
    },
    "1": {
      "frame": {
        "x": 1850,
        "y": 163,
        "w": 83,
        "h": 65
      },
      "rotated": false,
      "trimmed": true,
      "spriteSourceSize": {
        "x": 201,
        "y": 238,
        "w": 83,
        "h": 65
      },
      "sourceSize": {
        "w": 512,
        "h": 512
      },
      "pivot": {
        "x": 0.5,
        "y": 0.5
      }
    },
    "14": {
      "frame": {
        "x": 1517,
        "y": 322,
        "w": 332,
        "h": 321
      },
      "rotated": false,
      "trimmed": true,
      "spriteSourceSize": {
        "x": 84,
        "y": 106,
        "w": 332,
        "h": 321
      },
      "sourceSize": {
        "w": 512,
        "h": 512
      },
      "pivot": {
        "x": 0.5,
        "y": 0.5
      }
    },
    "13": {
      "frame": {
        "x": 1183,
        "y": 324,
        "w": 329,
        "h": 319
      },
      "rotated": false,
      "trimmed": true,
      "spriteSourceSize": {
        "x": 85,
        "y": 107,
        "w": 329,
        "h": 319
      },
      "sourceSize": {
        "w": 512,
        "h": 512
      },
      "pivot": {
        "x": 0.5,
        "y": 0.5
      }
    },
    "12": {
      "frame": {
        "x": 847,
        "y": 326,
        "w": 326,
        "h": 317
      },
      "rotated": false,
      "trimmed": true,
      "spriteSourceSize": {
        "x": 86,
        "y": 108,
        "w": 326,
        "h": 317
      },
      "sourceSize": {
        "w": 512,
        "h": 512
      },
      "pivot": {
        "x": 0.5,
        "y": 0.5
      }
    },
    "11": {
      "frame": {
        "x": 847,
        "y": 643,
        "w": 324,
        "h": 314
      },
      "rotated": false,
      "trimmed": true,
      "spriteSourceSize": {
        "x": 87,
        "y": 110,
        "w": 324,
        "h": 314
      },
      "sourceSize": {
        "w": 512,
        "h": 512
      },
      "pivot": {
        "x": 0.5,
        "y": 0.5
      }
    },
    "10": {
      "frame": {
        "x": 477,
        "y": 628,
        "w": 321,
        "h": 311
      },
      "rotated": false,
      "trimmed": true,
      "spriteSourceSize": {
        "x": 89,
        "y": 111,
        "w": 321,
        "h": 311
      },
      "sourceSize": {
        "w": 512,
        "h": 512
      },
      "pivot": {
        "x": 0.5,
        "y": 0.5
      }
    },
    "9": {
      "frame": {
        "x": 0,
        "y": 836,
        "w": 316,
        "h": 305
      },
      "rotated": false,
      "trimmed": true,
      "spriteSourceSize": {
        "x": 92,
        "y": 114,
        "w": 316,
        "h": 305
      },
      "sourceSize": {
        "w": 512,
        "h": 512
      },
      "pivot": {
        "x": 0.5,
        "y": 0.5
      }
    },
    "8": {
      "frame": {
        "x": 316,
        "y": 939,
        "w": 310,
        "h": 301
      },
      "rotated": false,
      "trimmed": true,
      "spriteSourceSize": {
        "x": 95,
        "y": 117,
        "w": 310,
        "h": 301
      },
      "sourceSize": {
        "w": 512,
        "h": 512
      },
      "pivot": {
        "x": 0.5,
        "y": 0.5
      }
    },
    "7": {
      "frame": {
        "x": 0,
        "y": 1141,
        "w": 296,
        "h": 286
      },
      "rotated": false,
      "trimmed": true,
      "spriteSourceSize": {
        "x": 100,
        "y": 123,
        "w": 296,
        "h": 286
      },
      "sourceSize": {
        "w": 512,
        "h": 512
      },
      "pivot": {
        "x": 0.5,
        "y": 0.5
      }
    },
    "6": {
      "frame": {
        "x": 0,
        "y": 1427,
        "w": 285,
        "h": 273
      },
      "rotated": false,
      "trimmed": true,
      "spriteSourceSize": {
        "x": 104,
        "y": 130,
        "w": 285,
        "h": 273
      },
      "sourceSize": {
        "w": 512,
        "h": 512
      },
      "pivot": {
        "x": 0.5,
        "y": 0.5
      }
    },
    "5": {
      "frame": {
        "x": 0,
        "y": 1700,
        "w": 259,
        "h": 245
      },
      "rotated": false,
      "trimmed": true,
      "spriteSourceSize": {
        "x": 115,
        "y": 148,
        "w": 259,
        "h": 245
      },
      "sourceSize": {
        "w": 512,
        "h": 512
      },
      "pivot": {
        "x": 0.5,
        "y": 0.5
      }
    },
    "4": {
      "frame": {
        "x": 259,
        "y": 1700,
        "w": 235,
        "h": 221
      },
      "rotated": false,
      "trimmed": true,
      "spriteSourceSize": {
        "x": 124,
        "y": 160,
        "w": 235,
        "h": 221
      },
      "sourceSize": {
        "w": 512,
        "h": 512
      },
      "pivot": {
        "x": 0.5,
        "y": 0.5
      }
    },
    "22": {
      "frame": {
        "x": 0,
        "y": 0,
        "w": 512,
        "h": 512
      },
      "rotated": false,
      "trimmed": false,
      "spriteSourceSize": {
        "x": 0,
        "y": 0,
        "w": 512,
        "h": 512
      },
      "sourceSize": {
        "w": 512,
        "h": 512
      },
      "pivot": {
        "x": 0.5,
        "y": 0.5
      }
    },
    "23": {
      "frame": {
        "x": 0,
        "y": 0,
        "w": 512,
        "h": 512
      },
      "rotated": false,
      "trimmed": false,
      "spriteSourceSize": {
        "x": 0,
        "y": 0,
        "w": 512,
        "h": 512
      },
      "sourceSize": {
        "w": 512,
        "h": 512
      },
      "pivot": {
        "x": 0.5,
        "y": 0.5
      }
    }
  },
  "meta": {
    "app": "http://free-tex-packer.com",
    "version": "0.6.7",
    "image": "SmokeReveal.png",
    "format": "RGBA8888",
    "size": {
      "w": 2048,
      "h": 2048
    },
    "scale": 1
  }
}