{
  "easyScenes": 
  [
  
 
 
 
    [
	 
	{
      "type": 0,
      "x": 214,
      "y": 19
	},
		{
      "type": 0,
      "x": 93,
      "y": 43
	},
		{
      "type": 0,
      "x": 270,
      "y": 190
	},
			{
      "type": 9,
      "x": 90,
      "y": 247
	},
			{
      "type": 0,
      "x": 165,
      "y": 313
	},
				{
      "type": 1,
      "x": 80,
      "y": 345
	}
	  
    ],

	
	
	
    [
	{
      "type": 0,
      "x": 125,
      "y": 33
	},
		{
      "type": 0,
      "x": 258,
      "y": 65
	},
		{
      "type": 1,
      "x": 170,
      "y": 164
	},
			{
      "type": 9,
      "x": 90,
      "y": 251
	},
			{
      "type": 0,
      "x": 155,
      "y": 314
	},
				{
      "type": 0,
      "x": 56,
      "y": 337
	}
    ],

	
	
	
    [
	{
      "type": 0,
      "x": 74,
      "y": 33
	},
		{
      "type": 0,
      "x": 176,
      "y": 160
	},
		{
      "type": 0,
      "x": 258,
      "y": 187
	},
			{
      "type": 0,
      "x": 233,
      "y": 232
	},
			{
      "type": 8,
      "x": 82,
      "y": 250
	},
				{
      "type": 1,
      "x": 160,
      "y": 309
	}
    ],

	
	
	
   	[
	{
      "type": 0,
      "x": 175,
      "y": 35
	},
		{
      "type": 0,
      "x": 29,
      "y": 93
	},
		{
      "type": 1,
      "x": 220,
      "y": 117
	},
			{
      "type": 0,
      "x": 249,
      "y": 150
	},
			{
      "type": 0,
      "x": 100,
      "y": 186
	},
				{
      "type": 8,
      "x": 185,
      "y": 235
	},				
	{
      "type": 0,
      "x": 155,
      "y": 297
	},			
	{
      "type": 1,
      "x": 80,
      "y": 338
	}
    ],

	
	
	
    [
 
	{
      "type": 0,
      "x": 170,
      "y": 35
	},
		{
      "type": 0,
      "x": 67,
      "y": 57
	},
		{
      "type": 0,
      "x": 148,
      "y": 115
	},
			{
      "type": 0,
      "x": 70,
      "y": 202
	},
			{
      "type": 0,
      "x": 173,
      "y": 264
	},
				{
      "type": 7,
      "x": 71,
      "y": 280
	},				
	{
      "type": 1,
      "x": 220,
      "y": 338
	}			
	
    ],

	
	
	
    [
	{
      "type": 0,
      "x": 235,
      "y": 33
	},
		{
      "type": 0,
      "x": 76,
      "y": 49
	},
		{
      "type": 0,
      "x": 165,
      "y": 102
	},
			{
      "type": 0,
      "x": 58,
      "y": 127
	},
			{
      "type": 0,
      "x": 249,
      "y": 142
	},
				{
      "type": 1,
      "x": 179,
      "y": 181
	},				
	{
      "type": 0,
      "x": 76,
      "y": 227
	},
	{
      "type": 0,
      "x": 133,
      "y": 289
	},
	{
      "type": 0,
      "x": 237,
      "y": 319
	},
	{
      "type": 0,
      "x": 165,
      "y": 374
	},
	{
      "type": 4,
      "x": 49,
      "y": 377
	},
	{
      "type": 0,
      "x": 85,
      "y": 439
	}		
]
   ],
   
   
  
  "hardScenes": 
  [
  
 
 
 
    [
	 
	{
      "type": 1,
      "x": 188,
      "y": 31
	},
		{
      "type": 0,
      "x": 64,
      "y": 160
	},
		{
      "type": 4,
      "x": 176,
      "y": 276
	},
			{
      "type": 0,
      "x": 274,
      "y": 299
	},
			{
      "type": 2,
      "x": 181,
      "y": 365
	},
				{
      "type": 1,
      "x": 73,
      "y": 407
	},
					{
      "type": 1,
      "x": 245,
      "y": 489
	},
				{
      "type": 0,
      "x": 122,
      "y": 562
	}
	  
    ],

	
	
	
    [
	{
      "type": 0,
      "x": 126,
      "y": 12
	},
		{
      "type": 0,
      "x": 220,
      "y": 74
	},
		{
      "type": 3,
      "x": 241,
      "y": 171
	},
			{
      "type": 4,
      "x": 162,
      "y": 246
	},
			{
      "type": 0,
      "x": 58,
      "y": 283
	},
				{
      "type": 3,
      "x": 169,
      "y": 345
	},
				{
      "type": 2,
      "x": 215,
      "y": 403
	},
				{
      "type": 1,
      "x": 68,
      "y": 434
	},
				{
      "type": 0,
      "x": 269,
      "y": 470
	},
				{
      "type": 1,
      "x": 85,
      "y": 523
	}
    ],

	
	
	
    [
	{
      "type": 0,
      "x": 273,
      "y": 18
	},
		{
      "type": 0,
      "x": 115,
      "y": 25
	},
		{
      "type": 0,
      "x": 174,
      "y": 103
	},
			{
      "type": 6,
      "x": 68,
      "y": 141
	},
			{
      "type": 3,
      "x": 163,
      "y": 252
	},
				{
      "type": 0,
      "x": 234,
      "y": 378
	},
				{
      "type": 2,
      "x": 214,
      "y": 424
	},
				{
      "type": 0,
      "x": 234,
      "y": 474
	},
				{
      "type": 1,
      "x": 263,
      "y": 611
	},
				{
      "type": 0,
      "x": 187,
      "y": 652
	}
    ],

	
	
	
   	[
	{
      "type": 3,
      "x": 62,
      "y": 42
	},
		{
      "type": 3,
      "x": 154,
      "y": 77
	},
		{
      "type": 3,
      "x": 229,
      "y": 128
	},
			{
      "type": 3,
      "x": 182,
      "y": 187
	},
			{
      "type": 3,
      "x": 105,
      "y": 243
	},
				{
      "type": 0,
      "x": 50,
      "y": 301
	},				
	{
      "type": 3,
      "x": 115,
      "y": 356
	},			
	{
      "type": 1,
      "x": 195,
      "y": 430
	}
    ],

	
	
	
    [
 
	{
      "type": 1,
      "x": 100,
      "y": 22
	},
		{
      "type": 0,
      "x": 233,
      "y": 125
	},
		{
      "type": 2,
      "x": 158,
      "y": 185
	},
			{
      "type": 0,
      "x": 40,
      "y": 218
	},
			{
      "type": 2,
      "x": 152,
      "y": 233
	},
				{
      "type": 2,
      "x": 155,
      "y": 283
	},	
				{
      "type": 0,
      "x": 264,
      "y": 311
	},
				{
      "type": 2,
      "x": 158,
      "y": 327
	},	
				{
      "type": 2,
      "x": 152,
      "y": 370
	},		
					{
      "type": 2,
      "x": 155,
      "y": 412
	},	
					{
      "type": 1,
      "x": 50,
      "y": 454
	},	
					{
      "type": 2,
      "x": 159,
      "y": 494
	},	
					{
      "type": 2,
      "x": 155,
      "y": 533
	},	
					{
      "type": 0,
      "x": 257,
      "y": 604
	},	
	{
      "type": 0,
      "x": 139,
      "y": 647
	}			
	
    ],

	
	
	
    [
	{
      "type": 0,
      "x": 159,
      "y": 23
	},
		{
      "type": 0,
      "x": 75,
      "y": 90
	},
		{
      "type": 0,
      "x": 254,
      "y": 97
	},
			{
      "type": 0,
      "x": 189,
      "y": 139
	},
			{
      "type": 2,
      "x": 100,
      "y": 204
	},
				{
      "type": 0,
      "x": 161,
      "y": 297
	},				
	{
      "type": 5,
      "x": 163,
      "y": 342
	},
	{
      "type": 0,
      "x": 102,
      "y": 450
	}
],


    [
	{
      "type": 1,
      "x": 80,
      "y": 30
	},
		{
      "type": 0,
      "x": 159,
      "y": 171
	},
		{
      "type": 1,
      "x": 160,
      "y": 328
	},
			{
      "type": 5,
      "x": 155,
      "y": 375
	},
			{
      "type": 0,
      "x": 42,
      "y": 443
	}
],


    [
	{
      "type": 0,
      "x": 59,
      "y": 31
	},
		{
      "type": 1,
      "x": 240,
      "y": 80
	},
		{
      "type": 1,
      "x": 80,
      "y": 158
	},
			{
      "type": 0,
      "x": 148,
      "y": 283
	},
				{
      "type": 0,
      "x": 74,
      "y": 307
	},
				{
      "type": 4,
      "x": 52,
      "y": 374
	},
				{
      "type": 0,
      "x": 244,
      "y": 374
	},
				{
      "type": 0,
      "x": 139,
      "y": 424
	},
				{
      "type": 3,
      "x": 145,
      "y": 565
	},
				{
      "type": 5,
      "x": 145,
      "y": 614
	},
			{
      "type": 0,
      "x": 255,
      "y": 673
	}
],



 [
	{
      "type": 0,
      "x": 185,
      "y": 14
	},
		{
      "type": 3,
      "x": 77,
      "y": 44
	},
		{
      "type": 3,
      "x": 107,
      "y": 98
	},
			{
      "type": 3,
      "x": 145,
      "y": 158
	},
				{
      "type": 3,
      "x": 174,
      "y": 224
	},
				{
      "type": 3,
      "x": 215,
      "y": 274
	},
				{
      "type": 3,
      "x": 263,
      "y": 308
	},
				{
      "type": 4,
      "x": 263,
      "y": 365
	},
				{
      "type": 3,
      "x": 203,
      "y": 421
	},
				{
      "type": 3,
      "x": 157,
      "y": 472
	},
			{
      "type": 1,
      "x": 80,
      "y": 539
	},
					{
      "type": 0,
      "x": 180,
      "y": 617
	},
					{
      "type": 0,
      "x": 95,
      "y": 670
	}
],



    [
	{
      "type": 6,
      "x": 141,
      "y": 22
	},
		{
      "type": 5,
      "x": 280,
      "y": 122
	},
		{
      "type": 3,
      "x": 222,
      "y": 503
	},
		{
      "type": 2,
      "x": 84,
      "y": 527
	},
			{
      "type": 0,
      "x": 272,
      "y": 577
	},
			{
      "type": 0,
      "x": 79,
      "y": 670
	}
],


    [
	{
      "type": 0,
      "x": 142,
      "y": 22
	},
		{
      "type": 2,
      "x": 77,
      "y": 145
	},
		{
      "type": 3,
      "x": 222,
      "y": 173
	},
			{
      "type": 2,
      "x": 168,
      "y": 268
	},
			{
      "type": 3,
      "x": 82,
      "y": 320
	},
				{
      "type": 0,
      "x": 252,
      "y": 355
	},
				{
      "type": 3,
      "x": 224,
      "y": 467
	},
				{
      "type": 0,
      "x": 65,
      "y": 509
	},
				{
      "type": 3,
      "x": 112,
      "y": 605
	},
				{
      "type": 0,
      "x": 239,
      "y": 643
	}
],



    [
	{
      "type": 0,
      "x": 145,
      "y": 35
	},
		{
      "type": 3,
      "x": 248,
      "y": 67
	},
		{
      "type": 3,
      "x": 55,
      "y": 97
	},
			{
      "type": 3,
      "x": 197,
      "y": 148
	},
			{
      "type": 9,
      "x": 100,
      "y": 207
	},
				{
      "type": 3,
      "x": 137,
      "y": 268
	},
				{
      "type": 0,
      "x": 257,
      "y": 307
	},
				{
      "type": 0,
      "x": 87,
      "y": 343
	}
],



    [
	{
      "type": 0,
      "x": 92,
      "y": 47
	},
		{
      "type": 0,
      "x": 245,
      "y": 67
	},
		{
      "type": 1,
      "x": 180,
      "y": 124
	},
			{
      "type": 4,
      "x": 270,
      "y": 155
	},
			{
      "type": 7,
      "x": 135,
      "y": 226
	},
				{
      "type": 0,
      "x": 234,
      "y": 232
	},
				{
      "type": 2,
      "x": 78,
      "y": 248
	},
				{
      "type": 1,
      "x": 90,
      "y": 316
	},
					{
      "type": 3,
      "x": 263,
      "y": 349
	}
],



    [
	{
      "type": 0,
      "x": 55,
      "y": 15
	},
		{
      "type": 7,
      "x": 165,
      "y": 31
	},
		{
      "type": 0,
      "x": 274,
      "y": 43
	}
],



    [
	{
      "type": 0,
      "x": 130,
      "y": 41
	},
		{
      "type": 0,
      "x": 48,
      "y": 94
	},
		{
      "type": 3,
      "x": 114,
      "y": 176
	},
			{
      "type": 3,
      "x": 241,
      "y": 212
	},
			{
      "type": 4,
      "x": 96,
      "y": 264
	},
				{
      "type": 3,
      "x": 197,
      "y": 287
	},
				{
      "type": 0,
      "x": 125,
      "y": 349
	},
				{
      "type": 11,
      "x": 241,
      "y": 395
	},
					{
      "type": 0,
      "x": 55,
      "y": 404
	},
						{
      "type": 0,
      "x": 179,
      "y": 457
	}
],



    [
	{
      "type": 0,
      "x": 57,
      "y": 25
	},
		{
      "type": 1,
      "x": 123,
      "y": 79
	},
		{
      "type": 3,
      "x": 251,
      "y": 156
	},
			{
      "type": 3,
      "x": 50,
      "y": 216
	},
			{
      "type": 11,
      "x": 151,
      "y": 275
	},
				{
      "type": 3,
      "x": 151,
      "y": 277
	},
				{
      "type": 0,
      "x": 151,
      "y": 400
	},
				{
      "type": 0,
      "x": 67,
      "y": 427
	},
					{
      "type": 3,
      "x": 280,
      "y": 430
	}
],



    [
	{
      "type": 0,
      "x": 125,
      "y": 20
	},
		{
      "type": 0,
      "x": 45,
      "y": 30
	},
		{
      "type": 1,
      "x": 204,
      "y": 49
	},
			{
      "type": 0,
      "x": 202,
      "y": 182
	},
			{
      "type": 1,
      "x": 30,
      "y": 224
	},
				{
      "type": 4,
      "x": 195,
      "y": 288
	},
				{
      "type": 3,
      "x": 201,
      "y": 350
	},
				{
      "type": 0,
      "x": 95,
      "y": 365
	},
					{
      "type": 10,
      "x": 68,
      "y": 435
	},
						{
      "type": 1,
      "x": 193,
      "y": 465
	}
],



    [
	{
      "type": 0,
      "x": 195,
      "y": 18
	},
		{
      "type": 0,
      "x": 59,
      "y": 50
	},
		{
      "type": 0,
      "x": 255,
      "y": 75
	},
			{
      "type": 2,
      "x": 168,
      "y": 167
	},
			{
      "type": 0,
      "x": 100,
      "y": 213
	},
				{
      "type": 2,
      "x": 235,
      "y": 237
	},
				{
      "type": 10,
      "x": 62,
      "y": 295
	},
				{
      "type": 2,
      "x": 179,
      "y": 318
	},
					{
      "type": 0,
      "x": 59,
      "y": 348
	},
						{
      "type": 2,
      "x": 197,
      "y": 394
	}
]

   ]
}
